ENGINE,SIZE,MODEL,PREFIX,QUERY,BROKEN,TIME_AVG,TIME_STD
blazegraph,10k,list,blazegraph-10k-list.list,1,0,36.00,5.53
blazegraph,1k,list,blazegraph-1k-list.list,1,0,40.50,8.15
blazegraph,2k,list,blazegraph-2k-list.list,1,0,43.20,4.45
blazegraph,3k,list,blazegraph-3k-list.list,1,0,21.90,5.24
blazegraph,500,list,blazegraph-500k-list.list,1,0,26.10,3.56
blazegraph,5k,list,blazegraph-5k-list.list,1,0,42.90,8.61
blazegraph,10k,list,blazegraph-10k-list.list,2,10,-2.00,E
blazegraph,1k,list,blazegraph-1k-list.list,2,0,11976.20,1421.56
blazegraph,2k,list,blazegraph-2k-list.list,2,0,44989.10,1950.29
blazegraph,3k,list,blazegraph-3k-list.list,2,0,84454.00,1192.11
blazegraph,500,list,blazegraph-500k-list.list,2,0,3263.10,314.24
blazegraph,5k,list,blazegraph-5k-list.list,2,0,167979.60,7985.86
blazegraph,10k,list,blazegraph-10k-list.list,3,10,-2.00,E
blazegraph,1k,list,blazegraph-1k-list.list,3,0,11573.00,656.49
blazegraph,2k,list,blazegraph-2k-list.list,3,0,44714.00,1092.02
blazegraph,3k,list,blazegraph-3k-list.list,3,0,87013.70,1043.99
blazegraph,500,list,blazegraph-500k-list.list,3,0,3393.70,321.84
blazegraph,5k,list,blazegraph-5k-list.list,3,0,166621.20,1993.02
blazegraph,10k,list,blazegraph-10k-list.list,4,10,-2.00,E
blazegraph,1k,list,blazegraph-1k-list.list,4,0,10981.60,447.83
blazegraph,2k,list,blazegraph-2k-list.list,4,0,43160.00,1167.27
blazegraph,3k,list,blazegraph-3k-list.list,4,0,82901.60,1468.67
blazegraph,500,list,blazegraph-500k-list.list,4,0,3296.70,242.05
blazegraph,5k,list,blazegraph-5k-list.list,4,0,153101.70,2204.52
blazegraph,10k,list,blazegraph-10k-list.list,5,0,12105.00,2149.26
blazegraph,1k,list,blazegraph-1k-list.list,5,0,1134.10,409.97
blazegraph,2k,list,blazegraph-2k-list.list,5,0,3091.50,1024.30
blazegraph,3k,list,blazegraph-3k-list.list,5,0,3846.10,920.33
blazegraph,500,list,blazegraph-500k-list.list,5,0,739.60,248.74
blazegraph,5k,list,blazegraph-5k-list.list,5,0,6143.20,1710.84
blazegraph,10k,list,blazegraph-10k-list.list,6,0,37.00,4.31
blazegraph,1k,list,blazegraph-1k-list.list,6,0,38.90,5.37
blazegraph,2k,list,blazegraph-2k-list.list,6,0,37.40,6.36
blazegraph,3k,list,blazegraph-3k-list.list,6,0,33.90,7.24
blazegraph,500,list,blazegraph-500k-list.list,6,0,38.30,4.67
blazegraph,5k,list,blazegraph-5k-list.list,6,0,39.70,5.02
blazegraph,10k,list,blazegraph-10k-list.list,7,0,31.60,5.22
blazegraph,1k,list,blazegraph-1k-list.list,7,0,39.00,4.86
blazegraph,2k,list,blazegraph-2k-list.list,7,0,43.30,4.43
blazegraph,3k,list,blazegraph-3k-list.list,7,0,33.30,6.78
blazegraph,500,list,blazegraph-500k-list.list,7,0,38.30,4.67
blazegraph,5k,list,blazegraph-5k-list.list,7,0,40.20,6.21
blazegraph,10k,list,blazegraph-10k-list.list,8,10,-2.00,E
blazegraph,1k,list,blazegraph-1k-list.list,8,0,11556.90,629.03
blazegraph,2k,list,blazegraph-2k-list.list,8,0,43382.30,867.17
blazegraph,3k,list,blazegraph-3k-list.list,8,0,80875.50,660.09
blazegraph,500,list,blazegraph-500k-list.list,8,0,5402.00,487.53
blazegraph,5k,list,blazegraph-5k-list.list,8,0,153111.10,1926.25
blazegraph,10k,list,blazegraph-10k-list.list,9,10,-2.00,E
blazegraph,1k,list,blazegraph-1k-list.list,9,0,12583.60,554.05
blazegraph,2k,list,blazegraph-2k-list.list,9,0,48341.40,1357.56
blazegraph,3k,list,blazegraph-3k-list.list,9,0,91485.80,1226.02
blazegraph,500,list,blazegraph-500k-list.list,9,0,5308.90,347.10
blazegraph,5k,list,blazegraph-5k-list.list,9,0,180755.10,1225.78
fuseki,10k,list,fuseki-10k-list.list,1,0,14.60,3.10
fuseki,1k,list,fuseki-1k-list.list,1,0,26.20,15.70
fuseki,2k,list,fuseki-2k-list.list,1,0,16.30,3.16
fuseki,30k,list,fuseki-30k-list.list,1,0,15.60,1.74
fuseki,3k,list,fuseki-3k-list.list,1,0,14.20,1.78
fuseki,500,list,fuseki-500k-list.list,1,0,16.00,3.35
fuseki,5k,list,fuseki-5k-list.list,1,0,15.30,3.23
fuseki,60k,list,fuseki-60k-list.list,1,10,-2.00,E
fuseki,10k,list,fuseki-10k-list.list,2,10,-2.00,E
fuseki,1k,list,fuseki-1k-list.list,2,0,7036.20,177.77
fuseki,2k,list,fuseki-2k-list.list,2,0,30232.40,499.60
fuseki,30k,list,fuseki-30k-list.list,2,10,-2.00,E
fuseki,3k,list,fuseki-3k-list.list,2,0,70424.40,983.44
fuseki,500,list,fuseki-500k-list.list,2,0,1819.10,18.64
fuseki,5k,list,fuseki-5k-list.list,2,0,201876.20,2170.90
fuseki,60k,list,fuseki-60k-list.list,2,4,-2.00,E
fuseki,10k,list,fuseki-10k-list.list,3,10,-2.00,E
fuseki,1k,list,fuseki-1k-list.list,3,0,7099.20,60.48
fuseki,2k,list,fuseki-2k-list.list,3,0,30637.30,286.59
fuseki,30k,list,fuseki-30k-list.list,3,10,-2.00,E
fuseki,3k,list,fuseki-3k-list.list,3,0,72646.00,580.31
fuseki,500,list,fuseki-500k-list.list,3,0,1841.60,18.23
fuseki,5k,list,fuseki-5k-list.list,3,0,203595.80,1589.42
fuseki,10k,list,fuseki-10k-list.list,4,10,-2.00,E
fuseki,1k,list,fuseki-1k-list.list,4,0,6926.90,40.49
fuseki,2k,list,fuseki-2k-list.list,4,0,30165.80,193.31
fuseki,30k,list,fuseki-30k-list.list,4,10,-2.00,E
fuseki,3k,list,fuseki-3k-list.list,4,0,70452.40,327.49
fuseki,500,list,fuseki-500k-list.list,4,0,1814.40,12.70
fuseki,5k,list,fuseki-5k-list.list,4,0,200824.90,1660.74
fuseki,10k,list,fuseki-10k-list.list,5,10,-2.00,E
fuseki,1k,list,fuseki-1k-list.list,5,0,60.10,16.30
fuseki,2k,list,fuseki-2k-list.list,5,0,58.90,4.76
fuseki,30k,list,fuseki-30k-list.list,5,10,-2.00,E
fuseki,3k,list,fuseki-3k-list.list,5,0,77.80,7.39
fuseki,500,list,fuseki-500k-list.list,5,0,33.30,5.62
fuseki,5k,list,fuseki-5k-list.list,5,0,97.50,5.75
fuseki,10k,list,fuseki-10k-list.list,6,0,28.70,4.29
fuseki,1k,list,fuseki-1k-list.list,6,0,41.30,10.82
fuseki,2k,list,fuseki-2k-list.list,6,0,30.10,4.16
fuseki,30k,list,fuseki-30k-list.list,6,0,34.80,2.40
fuseki,3k,list,fuseki-3k-list.list,6,0,33.70,3.03
fuseki,500,list,fuseki-500k-list.list,6,0,30.00,4.52
fuseki,5k,list,fuseki-5k-list.list,6,0,31.60,3.14
fuseki,10k,list,fuseki-10k-list.list,7,0,24.20,2.82
fuseki,1k,list,fuseki-1k-list.list,7,0,38.30,4.22
fuseki,2k,list,fuseki-2k-list.list,7,0,27.20,2.86
fuseki,30k,list,fuseki-30k-list.list,7,0,33.20,8.73
fuseki,3k,list,fuseki-3k-list.list,7,0,30.70,3.49
fuseki,500,list,fuseki-500k-list.list,7,0,28.50,4.63
fuseki,5k,list,fuseki-5k-list.list,7,0,32.80,3.52
fuseki,10k,list,fuseki-10k-list.list,8,10,-2.00,E
fuseki,1k,list,fuseki-1k-list.list,8,0,2706.60,30.99
fuseki,2k,list,fuseki-2k-list.list,8,0,11287.20,190.54
fuseki,30k,list,fuseki-30k-list.list,8,10,-2.00,E
fuseki,3k,list,fuseki-3k-list.list,8,0,26321.40,397.83
fuseki,500,list,fuseki-500k-list.list,8,0,821.50,38.29
fuseki,5k,list,fuseki-5k-list.list,8,0,76054.90,294.99
fuseki,10k,list,fuseki-10k-list.list,9,10,-2.00,E
fuseki,1k,list,fuseki-1k-list.list,9,0,5346.50,73.93
fuseki,2k,list,fuseki-2k-list.list,9,0,21630.30,165.33
fuseki,30k,list,fuseki-30k-list.list,9,10,-2.00,E
fuseki,3k,list,fuseki-3k-list.list,9,0,50342.70,182.66
fuseki,500,list,fuseki-500k-list.list,9,0,1629.60,20.23
fuseki,5k,list,fuseki-5k-list.list,9,0,146528.80,2142.03
fuseki_hdt,1k,list,fuseki_hdt-1k-list.list,1,10,-2.00,E
fuseki_hdt,1k,list,fuseki_hdt-1k-list.list,2,10,-2.00,E
fuseki_hdt,1k,list,fuseki_hdt-1k-list.list,3,10,-2.00,E
fuseki_hdt,1k,list,fuseki_hdt-1k-list.list,4,10,-2.00,E
fuseki_hdt,1k,list,fuseki_hdt-1k-list.list,5,10,-2.00,E
fuseki_hdt,1k,list,fuseki_hdt-1k-list.list,6,10,-2.00,E
fuseki_hdt,1k,list,fuseki_hdt-1k-list.list,7,10,-2.00,E
fuseki_hdt,1k,list,fuseki_hdt-1k-list.list,8,10,-2.00,E
fuseki_hdt,1k,list,fuseki_hdt-1k-list.list,9,10,-2.00,E
fuseki_mem,10k,list,fuseki_mem-10k-list.list,1,0,16.60,3.50
fuseki_mem,1k,list,fuseki_mem-1k-list.list,1,0,23.60,14.17
fuseki_mem,2k,list,fuseki_mem-2k-list.list,1,0,16.50,3.83
fuseki_mem,3k,list,fuseki_mem-3k-list.list,1,0,14.50,2.42
fuseki_mem,500,list,fuseki_mem-500k-list.list,1,0,26.50,13.10
fuseki_mem,5k,list,fuseki_mem-5k-list.list,1,0,15.20,1.66
fuseki_mem,10k,list,fuseki_mem-10k-list.list,2,10,-2.00,E
fuseki_mem,1k,list,fuseki_mem-1k-list.list,2,0,46404.50,13405.42
fuseki_mem,2k,list,fuseki_mem-2k-list.list,2,0,23774.30,143.83
fuseki_mem,3k,list,fuseki_mem-3k-list.list,2,0,54725.20,200.70
fuseki_mem,500,list,fuseki_mem-500k-list.list,2,0,1608.20,1240.42
fuseki_mem,5k,list,fuseki_mem-5k-list.list,2,0,129584.80,1740.78
fuseki_mem,10k,list,fuseki_mem-10k-list.list,3,10,-2.00,E
fuseki_mem,1k,list,fuseki_mem-1k-list.list,3,0,38955.70,4719.68
fuseki_mem,2k,list,fuseki_mem-2k-list.list,3,0,24048.30,236.56
fuseki_mem,3k,list,fuseki_mem-3k-list.list,3,0,57729.90,1499.62
fuseki_mem,500,list,fuseki_mem-500k-list.list,3,0,1179.60,37.39
fuseki_mem,5k,list,fuseki_mem-5k-list.list,3,0,138462.70,2656.21
fuseki_mem,10k,list,fuseki_mem-10k-list.list,4,10,-2.00,E
fuseki_mem,1k,list,fuseki_mem-1k-list.list,4,0,6221.90,799.76
fuseki_mem,2k,list,fuseki_mem-2k-list.list,4,0,23491.50,79.93
fuseki_mem,3k,list,fuseki_mem-3k-list.list,4,0,57660.70,286.20
fuseki_mem,500,list,fuseki_mem-500k-list.list,4,0,1153.10,17.63
fuseki_mem,5k,list,fuseki_mem-5k-list.list,4,0,136128.30,1659.63
fuseki_mem,10k,list,fuseki_mem-10k-list.list,5,10,-2.00,E
fuseki_mem,1k,list,fuseki_mem-1k-list.list,5,0,28.00,10.51
fuseki_mem,2k,list,fuseki_mem-2k-list.list,5,0,23.70,3.87
fuseki_mem,3k,list,fuseki_mem-3k-list.list,5,0,31.20,4.81
fuseki_mem,500,list,fuseki_mem-500k-list.list,5,0,24.40,8.09
fuseki_mem,5k,list,fuseki_mem-5k-list.list,5,0,36.80,3.52
fuseki_mem,10k,list,fuseki_mem-10k-list.list,6,0,15.10,2.07
fuseki_mem,1k,list,fuseki_mem-1k-list.list,6,0,19.00,2.10
fuseki_mem,2k,list,fuseki_mem-2k-list.list,6,0,17.90,3.62
fuseki_mem,3k,list,fuseki_mem-3k-list.list,6,0,17.20,3.82
fuseki_mem,500,list,fuseki_mem-500k-list.list,6,0,21.50,3.41
fuseki_mem,5k,list,fuseki_mem-5k-list.list,6,0,13.40,0.66
fuseki_mem,10k,list,fuseki_mem-10k-list.list,7,0,14.50,2.01
fuseki_mem,1k,list,fuseki_mem-1k-list.list,7,0,18.20,1.89
fuseki_mem,2k,list,fuseki_mem-2k-list.list,7,0,16.80,2.99
fuseki_mem,3k,list,fuseki_mem-3k-list.list,7,0,14.70,2.10
fuseki_mem,500,list,fuseki_mem-500k-list.list,7,0,20.00,3.46
fuseki_mem,5k,list,fuseki_mem-5k-list.list,7,0,13.20,0.75
fuseki_mem,10k,list,fuseki_mem-10k-list.list,8,10,-2.00,E
fuseki_mem,1k,list,fuseki_mem-1k-list.list,8,0,11482.70,7333.67
fuseki_mem,2k,list,fuseki_mem-2k-list.list,8,0,4487.10,28.13
fuseki_mem,3k,list,fuseki_mem-3k-list.list,8,0,11191.80,222.73
fuseki_mem,500,list,fuseki_mem-500k-list.list,8,0,345.90,21.72
fuseki_mem,5k,list,fuseki_mem-5k-list.list,8,0,33846.20,1035.07
fuseki_mem,10k,list,fuseki_mem-10k-list.list,9,10,-2.00,E
fuseki_mem,1k,list,fuseki_mem-1k-list.list,9,0,18898.60,2848.03
fuseki_mem,2k,list,fuseki_mem-2k-list.list,9,0,8728.00,108.92
fuseki_mem,3k,list,fuseki_mem-3k-list.list,9,0,21462.90,362.27
fuseki_mem,500,list,fuseki_mem-500k-list.list,9,0,713.80,19.72
fuseki_mem,5k,list,fuseki_mem-5k-list.list,9,0,64339.40,692.84
virtuoso,10k,list,virtuoso-10k-list.list,1,0,13.80,2.27
virtuoso,1k,list,virtuoso-1k-list.list,1,0,13.80,2.48
virtuoso,2k,list,virtuoso-2k-list.list,1,0,16.00,2.86
virtuoso,30k,list,virtuoso-30k-list.list,1,0,14.00,3.46
virtuoso,3k,list,virtuoso-3k-list.list,1,0,13.90,2.39
virtuoso,500,list,virtuoso-500k-list.list,1,0,15.90,4.06
virtuoso,5k,list,virtuoso-5k-list.list,1,0,31.90,58.72
virtuoso,10k,list,virtuoso-10k-list.list,2,10,-2.00,E
virtuoso,1k,list,virtuoso-1k-list.list,2,0,17183.60,633.90
virtuoso,2k,list,virtuoso-2k-list.list,2,0,159166.70,1298.10
virtuoso,30k,list,virtuoso-30k-list.list,2,10,-2.00,E
virtuoso,3k,list,virtuoso-3k-list.list,2,10,-2.00,E
virtuoso,500,list,virtuoso-500k-list.list,2,0,834.00,11.90
virtuoso,5k,list,virtuoso-5k-list.list,2,10,-2.00,E
virtuoso,10k,list,virtuoso-10k-list.list,3,10,-2.00,E
virtuoso,1k,list,virtuoso-1k-list.list,3,0,17140.60,375.44
virtuoso,2k,list,virtuoso-2k-list.list,3,0,146361.90,4524.01
virtuoso,30k,list,virtuoso-30k-list.list,3,10,-2.00,E
virtuoso,3k,list,virtuoso-3k-list.list,3,10,-2.00,E
virtuoso,500,list,virtuoso-500k-list.list,3,0,891.80,13.73
virtuoso,5k,list,virtuoso-5k-list.list,3,10,-2.00,E
virtuoso,10k,list,virtuoso-10k-list.list,4,10,-2.00,E
virtuoso,1k,list,virtuoso-1k-list.list,4,0,17097.40,705.64
virtuoso,2k,list,virtuoso-2k-list.list,4,0,143865.00,666.19
virtuoso,30k,list,virtuoso-30k-list.list,4,10,-2.00,E
virtuoso,3k,list,virtuoso-3k-list.list,4,10,-2.00,E
virtuoso,500,list,virtuoso-500k-list.list,4,0,881.60,13.17
virtuoso,5k,list,virtuoso-5k-list.list,4,10,-2.00,E
virtuoso,10k,list,virtuoso-10k-list.list,5,0,1782.90,14.83
virtuoso,1k,list,virtuoso-1k-list.list,5,0,58.60,3.90
virtuoso,2k,list,virtuoso-2k-list.list,5,0,126.30,3.55
virtuoso,30k,list,virtuoso-30k-list.list,5,0,15087.20,94.53
virtuoso,3k,list,virtuoso-3k-list.list,5,0,224.70,3.32
virtuoso,500,list,virtuoso-500k-list.list,5,0,54.90,63.86
virtuoso,5k,list,virtuoso-5k-list.list,5,0,520.10,9.06
virtuoso,10k,list,virtuoso-10k-list.list,6,0,16.00,2.97
virtuoso,1k,list,virtuoso-1k-list.list,6,0,14.90,2.21
virtuoso,2k,list,virtuoso-2k-list.list,6,0,16.40,3.04
virtuoso,30k,list,virtuoso-30k-list.list,6,0,17.70,5.35
virtuoso,3k,list,virtuoso-3k-list.list,6,0,15.60,1.96
virtuoso,500,list,virtuoso-500k-list.list,6,0,14.50,3.11
virtuoso,5k,list,virtuoso-5k-list.list,6,0,16.50,2.29
virtuoso,10k,list,virtuoso-10k-list.list,7,0,17.30,2.65
virtuoso,1k,list,virtuoso-1k-list.list,7,0,17.50,2.69
virtuoso,2k,list,virtuoso-2k-list.list,7,0,15.70,2.72
virtuoso,30k,list,virtuoso-30k-list.list,7,0,16.00,4.10
virtuoso,3k,list,virtuoso-3k-list.list,7,0,20.20,4.77
virtuoso,500,list,virtuoso-500k-list.list,7,0,17.40,2.76
virtuoso,5k,list,virtuoso-5k-list.list,7,0,15.50,2.80
virtuoso,10k,list,virtuoso-10k-list.list,8,10,-2.00,E
virtuoso,1k,list,virtuoso-1k-list.list,8,0,17585.90,268.69
virtuoso,2k,list,virtuoso-2k-list.list,8,0,148189.90,3008.70
virtuoso,30k,list,virtuoso-30k-list.list,8,10,-2.00,E
virtuoso,3k,list,virtuoso-3k-list.list,8,10,-2.00,E
virtuoso,500,list,virtuoso-500k-list.list,8,0,879.00,17.36
virtuoso,5k,list,virtuoso-5k-list.list,8,10,-2.00,E
virtuoso,10k,list,virtuoso-10k-list.list,9,10,-2.00,E
virtuoso,1k,list,virtuoso-1k-list.list,9,0,16765.70,245.99
virtuoso,2k,list,virtuoso-2k-list.list,9,0,145936.40,563.69
virtuoso,30k,list,virtuoso-30k-list.list,9,10,-2.00,E
virtuoso,3k,list,virtuoso-3k-list.list,9,10,-2.00,E
virtuoso,500,list,virtuoso-500k-list.list,9,0,879.30,29.95
virtuoso,5k,list,virtuoso-5k-list.list,9,10,-2.00,E
blazegraph,10k,prop_number,blazegraph-10k-prop_number.prop_number,1,0,89.40,9.79
blazegraph,1k,prop_number,blazegraph-1k-prop_number.prop_number,1,0,47.60,6.10
blazegraph,2k,prop_number,blazegraph-2k-prop_number.prop_number,1,0,45.40,6.22
blazegraph,3k,prop_number,blazegraph-3k-prop_number.prop_number,1,0,47.80,7.01
blazegraph,500,prop_number,blazegraph-500k-prop_number.prop_number,1,0,34.50,4.54
blazegraph,5k,prop_number,blazegraph-5k-prop_number.prop_number,1,0,64.80,7.01
blazegraph,10k,prop_number,blazegraph-10k-prop_number.prop_number,2,0,102.40,11.06
blazegraph,1k,prop_number,blazegraph-1k-prop_number.prop_number,2,0,48.70,7.47
blazegraph,2k,prop_number,blazegraph-2k-prop_number.prop_number,2,0,41.60,5.18
blazegraph,3k,prop_number,blazegraph-3k-prop_number.prop_number,2,0,50.30,3.72
blazegraph,500,prop_number,blazegraph-500k-prop_number.prop_number,2,0,33.10,3.33
blazegraph,5k,prop_number,blazegraph-5k-prop_number.prop_number,2,0,57.40,8.51
blazegraph,10k,prop_number,blazegraph-10k-prop_number.prop_number,3,0,183.40,13.28
blazegraph,1k,prop_number,blazegraph-1k-prop_number.prop_number,3,0,47.50,6.76
blazegraph,2k,prop_number,blazegraph-2k-prop_number.prop_number,3,0,52.50,7.35
blazegraph,3k,prop_number,blazegraph-3k-prop_number.prop_number,3,0,71.20,6.18
blazegraph,500,prop_number,blazegraph-500k-prop_number.prop_number,3,0,38.80,5.36
blazegraph,5k,prop_number,blazegraph-5k-prop_number.prop_number,3,0,83.30,12.02
blazegraph,10k,prop_number,blazegraph-10k-prop_number.prop_number,4,0,186.80,94.43
blazegraph,1k,prop_number,blazegraph-1k-prop_number.prop_number,4,0,43.40,6.99
blazegraph,2k,prop_number,blazegraph-2k-prop_number.prop_number,4,0,47.30,4.98
blazegraph,3k,prop_number,blazegraph-3k-prop_number.prop_number,4,0,63.60,13.32
blazegraph,500,prop_number,blazegraph-500k-prop_number.prop_number,4,0,36.70,6.51
blazegraph,5k,prop_number,blazegraph-5k-prop_number.prop_number,4,0,72.80,4.98
blazegraph,10k,prop_number,blazegraph-10k-prop_number.prop_number,5,0,47.20,5.36
blazegraph,1k,prop_number,blazegraph-1k-prop_number.prop_number,5,0,47.50,2.97
blazegraph,2k,prop_number,blazegraph-2k-prop_number.prop_number,5,0,41.50,1.91
blazegraph,3k,prop_number,blazegraph-3k-prop_number.prop_number,5,0,46.20,4.81
blazegraph,500,prop_number,blazegraph-500k-prop_number.prop_number,5,0,43.70,5.85
blazegraph,5k,prop_number,blazegraph-5k-prop_number.prop_number,5,0,43.70,3.10
blazegraph,10k,prop_number,blazegraph-10k-prop_number.prop_number,6,0,36.30,6.60
blazegraph,1k,prop_number,blazegraph-1k-prop_number.prop_number,6,0,33.20,2.56
blazegraph,2k,prop_number,blazegraph-2k-prop_number.prop_number,6,0,30.50,4.98
blazegraph,3k,prop_number,blazegraph-3k-prop_number.prop_number,6,0,30.80,3.54
blazegraph,500,prop_number,blazegraph-500k-prop_number.prop_number,6,0,32.40,3.61
blazegraph,5k,prop_number,blazegraph-5k-prop_number.prop_number,6,0,29.70,2.61
blazegraph,500,prop_number,blazegraph-500k-prop_number.prop_number,7,0,197.00,22.11
blazegraph,10k,prop_number,blazegraph-10k-prop_number.prop_number,7,0,2540.80,59.59
blazegraph,1k,prop_number,blazegraph-1k-prop_number.prop_number,7,0,300.70,21.85
blazegraph,2k,prop_number,blazegraph-2k-prop_number.prop_number,7,0,575.80,29.67
blazegraph,3k,prop_number,blazegraph-3k-prop_number.prop_number,7,0,783.20,26.28
blazegraph,5k,prop_number,blazegraph-5k-prop_number.prop_number,7,0,1233.30,44.08
blazegraph,10k,prop_number,blazegraph-10k-prop_number.prop_number,8,0,54.10,40.01
blazegraph,1k,prop_number,blazegraph-1k-prop_number.prop_number,8,0,31.10,3.78
blazegraph,2k,prop_number,blazegraph-2k-prop_number.prop_number,8,0,30.20,5.95
blazegraph,3k,prop_number,blazegraph-3k-prop_number.prop_number,8,0,31.20,5.78
blazegraph,500,prop_number,blazegraph-500k-prop_number.prop_number,8,0,31.70,5.24
blazegraph,5k,prop_number,blazegraph-5k-prop_number.prop_number,8,0,32.40,3.88
blazegraph,10k,prop_number,blazegraph-10k-prop_number.prop_number,9,0,613.50,13.83
blazegraph,1k,prop_number,blazegraph-1k-prop_number.prop_number,9,0,124.50,11.56
blazegraph,2k,prop_number,blazegraph-2k-prop_number.prop_number,9,0,216.20,8.84
blazegraph,3k,prop_number,blazegraph-3k-prop_number.prop_number,9,0,158.60,11.61
blazegraph,500,prop_number,blazegraph-500k-prop_number.prop_number,9,0,86.60,9.18
blazegraph,5k,prop_number,blazegraph-5k-prop_number.prop_number,9,0,294.10,12.48
fuseki,10k,prop_number,fuseki-10k-prop_number.prop_number,1,0,123.20,14.20
fuseki,1k,prop_number,fuseki-1k-prop_number.prop_number,1,0,27.90,3.53
fuseki,2k,prop_number,fuseki-2k-prop_number.prop_number,1,0,38.10,4.21
fuseki,30k,prop_number,fuseki-30k-prop_number.prop_number,1,0,324.60,38.05
fuseki,3k,prop_number,fuseki-3k-prop_number.prop_number,1,0,46.90,3.81
fuseki,500,prop_number,fuseki-500k-prop_number.prop_number,1,0,23.60,3.56
fuseki,5k,prop_number,fuseki-5k-prop_number.prop_number,1,0,70.90,7.60
fuseki,10k,prop_number,fuseki-10k-prop_number.prop_number,2,0,120.80,6.45
fuseki,1k,prop_number,fuseki-1k-prop_number.prop_number,2,0,30.00,2.41
fuseki,2k,prop_number,fuseki-2k-prop_number.prop_number,2,0,38.10,3.70
fuseki,30k,prop_number,fuseki-30k-prop_number.prop_number,2,0,318.90,12.01
fuseki,3k,prop_number,fuseki-3k-prop_number.prop_number,2,0,48.00,3.44
fuseki,500,prop_number,fuseki-500k-prop_number.prop_number,2,0,25.50,2.42
fuseki,5k,prop_number,fuseki-5k-prop_number.prop_number,2,0,68.50,2.66
fuseki,10k,prop_number,fuseki-10k-prop_number.prop_number,3,0,167.00,5.27
fuseki,1k,prop_number,fuseki-1k-prop_number.prop_number,3,0,32.70,2.87
fuseki,2k,prop_number,fuseki-2k-prop_number.prop_number,3,0,48.00,3.41
fuseki,30k,prop_number,fuseki-30k-prop_number.prop_number,3,0,504.10,9.18
fuseki,3k,prop_number,fuseki-3k-prop_number.prop_number,3,0,61.40,3.47
fuseki,500,prop_number,fuseki-500k-prop_number.prop_number,3,0,24.30,2.10
fuseki,5k,prop_number,fuseki-5k-prop_number.prop_number,3,0,91.70,3.90
fuseki,10k,prop_number,fuseki-10k-prop_number.prop_number,4,0,151.10,4.28
fuseki,1k,prop_number,fuseki-1k-prop_number.prop_number,4,0,29.60,1.20
fuseki,2k,prop_number,fuseki-2k-prop_number.prop_number,4,0,43.10,2.43
fuseki,30k,prop_number,fuseki-30k-prop_number.prop_number,4,0,435.00,16.67
fuseki,3k,prop_number,fuseki-3k-prop_number.prop_number,4,0,60.10,3.21
fuseki,500,prop_number,fuseki-500k-prop_number.prop_number,4,0,23.00,1.18
fuseki,5k,prop_number,fuseki-5k-prop_number.prop_number,4,0,87.10,6.06
fuseki,10k,prop_number,fuseki-10k-prop_number.prop_number,5,0,19.10,2.21
fuseki,1k,prop_number,fuseki-1k-prop_number.prop_number,5,0,19.80,1.66
fuseki,2k,prop_number,fuseki-2k-prop_number.prop_number,5,0,20.90,3.27
fuseki,30k,prop_number,fuseki-30k-prop_number.prop_number,5,0,18.40,1.28
fuseki,3k,prop_number,fuseki-3k-prop_number.prop_number,5,0,18.50,3.44
fuseki,500,prop_number,fuseki-500k-prop_number.prop_number,5,0,19.40,1.28
fuseki,5k,prop_number,fuseki-5k-prop_number.prop_number,5,0,21.20,2.32
fuseki,10k,prop_number,fuseki-10k-prop_number.prop_number,6,0,19.50,5.52
fuseki,1k,prop_number,fuseki-1k-prop_number.prop_number,6,0,20.30,2.37
fuseki,2k,prop_number,fuseki-2k-prop_number.prop_number,6,0,18.90,2.51
fuseki,30k,prop_number,fuseki-30k-prop_number.prop_number,6,0,19.40,1.91
fuseki,3k,prop_number,fuseki-3k-prop_number.prop_number,6,0,17.70,2.72
fuseki,500,prop_number,fuseki-500k-prop_number.prop_number,6,0,19.00,0.89
fuseki,5k,prop_number,fuseki-5k-prop_number.prop_number,6,0,22.70,9.21
fuseki,10k,prop_number,fuseki-10k-prop_number.prop_number,7,0,18.90,2.62
fuseki,1k,prop_number,fuseki-1k-prop_number.prop_number,7,0,18.60,1.36
fuseki,2k,prop_number,fuseki-2k-prop_number.prop_number,7,0,20.40,3.47
fuseki,30k,prop_number,fuseki-30k-prop_number.prop_number,7,0,18.30,1.42
fuseki,3k,prop_number,fuseki-3k-prop_number.prop_number,7,0,17.90,2.77
fuseki,500,prop_number,fuseki-500k-prop_number.prop_number,7,0,17.80,1.08
fuseki,5k,prop_number,fuseki-5k-prop_number.prop_number,7,0,19.70,4.45
fuseki,10k,prop_number,fuseki-10k-prop_number.prop_number,8,0,57.30,4.17
fuseki,1k,prop_number,fuseki-1k-prop_number.prop_number,8,0,37.80,8.27
fuseki,2k,prop_number,fuseki-2k-prop_number.prop_number,8,0,33.40,3.88
fuseki,30k,prop_number,fuseki-30k-prop_number.prop_number,8,0,141.40,11.96
fuseki,3k,prop_number,fuseki-3k-prop_number.prop_number,8,0,33.60,3.53
fuseki,500,prop_number,fuseki-500k-prop_number.prop_number,8,0,25.90,1.81
fuseki,5k,prop_number,fuseki-5k-prop_number.prop_number,8,0,39.80,3.54
fuseki,10k,prop_number,fuseki-10k-prop_number.prop_number,9,0,18.70,3.13
fuseki,1k,prop_number,fuseki-1k-prop_number.prop_number,9,0,18.70,1.62
fuseki,2k,prop_number,fuseki-2k-prop_number.prop_number,9,0,18.50,2.42
fuseki,30k,prop_number,fuseki-30k-prop_number.prop_number,9,0,19.00,3.29
fuseki,3k,prop_number,fuseki-3k-prop_number.prop_number,9,0,18.60,4.82
fuseki,500,prop_number,fuseki-500k-prop_number.prop_number,9,0,17.90,2.12
fuseki,5k,prop_number,fuseki-5k-prop_number.prop_number,9,0,20.20,4.53
fuseki_hdt,1k,prop_number,fuseki_hdt-1k-prop_number.prop_number,1,10,-2.00,E
fuseki_hdt,1k,prop_number,fuseki_hdt-1k-prop_number.prop_number,2,10,-2.00,E
fuseki_hdt,1k,prop_number,fuseki_hdt-1k-prop_number.prop_number,3,10,-2.00,E
fuseki_hdt,1k,prop_number,fuseki_hdt-1k-prop_number.prop_number,4,10,-2.00,E
fuseki_hdt,1k,prop_number,fuseki_hdt-1k-prop_number.prop_number,5,10,-2.00,E
fuseki_hdt,1k,prop_number,fuseki_hdt-1k-prop_number.prop_number,6,10,-2.00,E
fuseki_hdt,1k,prop_number,fuseki_hdt-1k-prop_number.prop_number,7,10,-2.00,E
fuseki_hdt,1k,prop_number,fuseki_hdt-1k-prop_number.prop_number,8,10,-2.00,E
fuseki_hdt,1k,prop_number,fuseki_hdt-1k-prop_number.prop_number,9,10,-2.00,E
fuseki_mem,10k,prop_number,fuseki_mem-10k-prop_number.prop_number,1,0,105.60,4.92
fuseki_mem,1k,prop_number,fuseki_mem-1k-prop_number.prop_number,1,0,25.00,2.53
fuseki_mem,2k,prop_number,fuseki_mem-2k-prop_number.prop_number,1,0,33.40,2.58
fuseki_mem,3k,prop_number,fuseki_mem-3k-prop_number.prop_number,1,0,38.90,0.54
fuseki_mem,500,prop_number,fuseki_mem-500k-prop_number.prop_number,1,0,22.50,3.23
fuseki_mem,5k,prop_number,fuseki_mem-5k-prop_number.prop_number,1,0,59.90,3.24
fuseki_mem,10k,prop_number,fuseki_mem-10k-prop_number.prop_number,2,0,199.70,4.05
fuseki_mem,1k,prop_number,fuseki_mem-1k-prop_number.prop_number,2,0,33.20,4.98
fuseki_mem,2k,prop_number,fuseki_mem-2k-prop_number.prop_number,2,0,46.10,2.55
fuseki_mem,3k,prop_number,fuseki_mem-3k-prop_number.prop_number,2,0,61.70,1.35
fuseki_mem,500,prop_number,fuseki_mem-500k-prop_number.prop_number,2,0,26.40,2.84
fuseki_mem,5k,prop_number,fuseki_mem-5k-prop_number.prop_number,2,0,103.60,4.15
fuseki_mem,10k,prop_number,fuseki_mem-10k-prop_number.prop_number,3,0,251.90,7.33
fuseki_mem,1k,prop_number,fuseki_mem-1k-prop_number.prop_number,3,0,36.80,3.09
fuseki_mem,2k,prop_number,fuseki_mem-2k-prop_number.prop_number,3,0,56.10,3.39
fuseki_mem,3k,prop_number,fuseki_mem-3k-prop_number.prop_number,3,0,76.50,2.16
fuseki_mem,500,prop_number,fuseki_mem-500k-prop_number.prop_number,3,0,24.40,0.80
fuseki_mem,5k,prop_number,fuseki_mem-5k-prop_number.prop_number,3,0,128.30,5.08
fuseki_mem,10k,prop_number,fuseki_mem-10k-prop_number.prop_number,4,0,205.90,6.55
fuseki_mem,1k,prop_number,fuseki_mem-1k-prop_number.prop_number,4,0,33.60,4.13
fuseki_mem,2k,prop_number,fuseki_mem-2k-prop_number.prop_number,4,0,44.20,1.54
fuseki_mem,3k,prop_number,fuseki_mem-3k-prop_number.prop_number,4,0,69.50,4.34
fuseki_mem,500,prop_number,fuseki_mem-500k-prop_number.prop_number,4,0,24.80,3.03
fuseki_mem,5k,prop_number,fuseki_mem-5k-prop_number.prop_number,4,0,109.10,3.88
fuseki_mem,10k,prop_number,fuseki_mem-10k-prop_number.prop_number,5,0,14.50,2.25
fuseki_mem,1k,prop_number,fuseki_mem-1k-prop_number.prop_number,5,0,17.30,2.00
fuseki_mem,2k,prop_number,fuseki_mem-2k-prop_number.prop_number,5,0,15.00,0.89
fuseki_mem,3k,prop_number,fuseki_mem-3k-prop_number.prop_number,5,0,14.20,1.94
fuseki_mem,500,prop_number,fuseki_mem-500k-prop_number.prop_number,5,0,17.60,3.01
fuseki_mem,5k,prop_number,fuseki_mem-5k-prop_number.prop_number,5,0,15.40,3.01
fuseki_mem,10k,prop_number,fuseki_mem-10k-prop_number.prop_number,6,0,14.10,1.76
fuseki_mem,1k,prop_number,fuseki_mem-1k-prop_number.prop_number,6,0,17.70,1.90
fuseki_mem,2k,prop_number,fuseki_mem-2k-prop_number.prop_number,6,0,14.80,1.17
fuseki_mem,3k,prop_number,fuseki_mem-3k-prop_number.prop_number,6,0,17.60,3.85
fuseki_mem,500,prop_number,fuseki_mem-500k-prop_number.prop_number,6,0,16.70,2.00
fuseki_mem,5k,prop_number,fuseki_mem-5k-prop_number.prop_number,6,0,13.20,1.33
fuseki_mem,10k,prop_number,fuseki_mem-10k-prop_number.prop_number,7,0,15.10,3.08
fuseki_mem,1k,prop_number,fuseki_mem-1k-prop_number.prop_number,7,0,15.70,1.90
fuseki_mem,2k,prop_number,fuseki_mem-2k-prop_number.prop_number,7,0,15.00,2.05
fuseki_mem,3k,prop_number,fuseki_mem-3k-prop_number.prop_number,7,0,18.10,4.28
fuseki_mem,500,prop_number,fuseki_mem-500k-prop_number.prop_number,7,0,16.30,2.15
fuseki_mem,5k,prop_number,fuseki_mem-5k-prop_number.prop_number,7,0,15.00,2.83
fuseki_mem,10k,prop_number,fuseki_mem-10k-prop_number.prop_number,8,0,33.40,1.50
fuseki_mem,1k,prop_number,fuseki_mem-1k-prop_number.prop_number,8,0,20.40,3.77
fuseki_mem,2k,prop_number,fuseki_mem-2k-prop_number.prop_number,8,0,19.80,2.96
fuseki_mem,3k,prop_number,fuseki_mem-3k-prop_number.prop_number,8,0,22.80,4.49
fuseki_mem,500,prop_number,fuseki_mem-500k-prop_number.prop_number,8,0,18.10,3.45
fuseki_mem,5k,prop_number,fuseki_mem-5k-prop_number.prop_number,8,0,28.00,2.05
fuseki_mem,10k,prop_number,fuseki_mem-10k-prop_number.prop_number,9,0,13.50,2.29
fuseki_mem,1k,prop_number,fuseki_mem-1k-prop_number.prop_number,9,0,20.10,3.83
fuseki_mem,2k,prop_number,fuseki_mem-2k-prop_number.prop_number,9,0,14.10,0.70
fuseki_mem,3k,prop_number,fuseki_mem-3k-prop_number.prop_number,9,0,12.70,0.78
fuseki_mem,500,prop_number,fuseki_mem-500k-prop_number.prop_number,9,0,15.30,2.10
fuseki_mem,5k,prop_number,fuseki_mem-5k-prop_number.prop_number,9,0,16.90,4.09
virtuoso,10k,prop_number,virtuoso-10k-prop_number.prop_number,1,0,16.30,2.83
virtuoso,1k,prop_number,virtuoso-1k-prop_number.prop_number,1,0,22.50,20.91
virtuoso,2k,prop_number,virtuoso-2k-prop_number.prop_number,1,0,15.50,3.04
virtuoso,30k,prop_number,virtuoso-30k-prop_number.prop_number,1,0,16.60,1.96
virtuoso,3k,prop_number,virtuoso-3k-prop_number.prop_number,1,0,16.80,4.73
virtuoso,500,prop_number,virtuoso-500k-prop_number.prop_number,1,0,13.90,3.08
virtuoso,5k,prop_number,virtuoso-5k-prop_number.prop_number,1,0,25.10,27.75
virtuoso,10k,prop_number,virtuoso-10k-prop_number.prop_number,2,0,30.10,3.78
virtuoso,1k,prop_number,virtuoso-1k-prop_number.prop_number,2,0,14.20,3.49
virtuoso,2k,prop_number,virtuoso-2k-prop_number.prop_number,2,0,17.10,4.11
virtuoso,30k,prop_number,virtuoso-30k-prop_number.prop_number,2,10,-2.00,E
virtuoso,3k,prop_number,virtuoso-3k-prop_number.prop_number,2,0,16.80,3.87
virtuoso,500,prop_number,virtuoso-500k-prop_number.prop_number,2,0,13.30,2.61
virtuoso,5k,prop_number,virtuoso-5k-prop_number.prop_number,2,0,16.90,1.92
virtuoso,10k,prop_number,virtuoso-10k-prop_number.prop_number,3,0,118.40,23.88
virtuoso,1k,prop_number,virtuoso-1k-prop_number.prop_number,3,0,26.50,14.25
virtuoso,2k,prop_number,virtuoso-2k-prop_number.prop_number,3,0,34.70,6.91
virtuoso,30k,prop_number,virtuoso-30k-prop_number.prop_number,3,0,160.90,27.92
virtuoso,3k,prop_number,virtuoso-3k-prop_number.prop_number,3,0,43.90,8.62
virtuoso,500,prop_number,virtuoso-500k-prop_number.prop_number,3,0,20.20,7.74
virtuoso,5k,prop_number,virtuoso-5k-prop_number.prop_number,3,0,65.80,14.71
virtuoso,10k,prop_number,virtuoso-10k-prop_number.prop_number,4,0,85.50,14.85
virtuoso,1k,prop_number,virtuoso-1k-prop_number.prop_number,4,0,21.30,3.03
virtuoso,2k,prop_number,virtuoso-2k-prop_number.prop_number,4,0,25.40,2.24
virtuoso,30k,prop_number,virtuoso-30k-prop_number.prop_number,4,0,144.60,34.04
virtuoso,3k,prop_number,virtuoso-3k-prop_number.prop_number,4,0,39.10,5.91
virtuoso,500,prop_number,virtuoso-500k-prop_number.prop_number,4,0,16.40,2.24
virtuoso,5k,prop_number,virtuoso-5k-prop_number.prop_number,4,0,47.40,2.01
virtuoso,10k,prop_number,virtuoso-10k-prop_number.prop_number,5,0,1930.40,39.83
virtuoso,1k,prop_number,virtuoso-1k-prop_number.prop_number,5,0,18.70,4.94
virtuoso,2k,prop_number,virtuoso-2k-prop_number.prop_number,5,0,184.50,3.07
virtuoso,30k,prop_number,virtuoso-30k-prop_number.prop_number,5,0,16.60,2.24
virtuoso,3k,prop_number,virtuoso-3k-prop_number.prop_number,5,0,356.30,5.55
virtuoso,500,prop_number,virtuoso-500k-prop_number.prop_number,5,0,25.80,29.14
virtuoso,5k,prop_number,virtuoso-5k-prop_number.prop_number,5,0,710.60,9.20
virtuoso,10k,prop_number,virtuoso-10k-prop_number.prop_number,6,0,13.40,0.66
virtuoso,1k,prop_number,virtuoso-1k-prop_number.prop_number,6,0,14.00,1.41
virtuoso,2k,prop_number,virtuoso-2k-prop_number.prop_number,6,0,18.20,4.47
virtuoso,30k,prop_number,virtuoso-30k-prop_number.prop_number,6,0,15.90,4.06
virtuoso,3k,prop_number,virtuoso-3k-prop_number.prop_number,6,0,16.60,3.41
virtuoso,500,prop_number,virtuoso-500k-prop_number.prop_number,6,0,15.80,3.82
virtuoso,5k,prop_number,virtuoso-5k-prop_number.prop_number,6,0,15.00,2.72
virtuoso,10k,prop_number,virtuoso-10k-prop_number.prop_number,7,0,11.60,0.66
virtuoso,1k,prop_number,virtuoso-1k-prop_number.prop_number,7,0,11.70,0.78
virtuoso,2k,prop_number,virtuoso-2k-prop_number.prop_number,7,0,15.60,3.77
virtuoso,30k,prop_number,virtuoso-30k-prop_number.prop_number,7,0,14.40,2.58
virtuoso,3k,prop_number,virtuoso-3k-prop_number.prop_number,7,0,16.20,3.22
virtuoso,500,prop_number,virtuoso-500k-prop_number.prop_number,7,0,15.30,3.72
virtuoso,5k,prop_number,virtuoso-5k-prop_number.prop_number,7,0,12.30,1.10
virtuoso,10k,prop_number,virtuoso-10k-prop_number.prop_number,8,0,14.50,3.85
virtuoso,1k,prop_number,virtuoso-1k-prop_number.prop_number,8,0,14.00,1.48
virtuoso,2k,prop_number,virtuoso-2k-prop_number.prop_number,8,0,15.60,3.41
virtuoso,30k,prop_number,virtuoso-30k-prop_number.prop_number,8,0,14.70,2.87
virtuoso,3k,prop_number,virtuoso-3k-prop_number.prop_number,8,0,18.30,3.93
virtuoso,500,prop_number,virtuoso-500k-prop_number.prop_number,8,0,16.30,2.93
virtuoso,5k,prop_number,virtuoso-5k-prop_number.prop_number,8,0,14.20,1.66
virtuoso,10k,prop_number,virtuoso-10k-prop_number.prop_number,9,0,11.30,0.46
virtuoso,1k,prop_number,virtuoso-1k-prop_number.prop_number,9,0,14.50,2.58
virtuoso,2k,prop_number,virtuoso-2k-prop_number.prop_number,9,0,14.70,2.57
virtuoso,30k,prop_number,virtuoso-30k-prop_number.prop_number,9,0,14.60,2.94
virtuoso,3k,prop_number,virtuoso-3k-prop_number.prop_number,9,0,14.00,1.67
virtuoso,500,prop_number,virtuoso-500k-prop_number.prop_number,9,0,14.20,2.56
virtuoso,5k,prop_number,virtuoso-5k-prop_number.prop_number,9,0,12.80,3.25
blazegraph,10k,prop_time,blazegraph-10k-prop_time.prop_time,1,10,-2.00,E
blazegraph,1k,prop_time,blazegraph-1k-prop_time.prop_time,1,0,45.90,7.66
blazegraph,2k,prop_time,blazegraph-2k-prop_time.prop_time,1,0,40.50,7.83
blazegraph,3k,prop_time,blazegraph-3k-prop_time.prop_time,1,0,44.70,5.12
blazegraph,500,prop_time,blazegraph-500k-prop_time.prop_time,1,0,35.90,7.82
blazegraph,5k,prop_time,blazegraph-5k-prop_time.prop_time,1,0,68.60,9.76
blazegraph,10k,prop_time,blazegraph-10k-prop_time.prop_time,2,10,-2.00,E
blazegraph,1k,prop_time,blazegraph-1k-prop_time.prop_time,2,0,46.80,6.34
blazegraph,2k,prop_time,blazegraph-2k-prop_time.prop_time,2,0,36.80,6.23
blazegraph,3k,prop_time,blazegraph-3k-prop_time.prop_time,2,0,46.10,12.48
blazegraph,500,prop_time,blazegraph-500k-prop_time.prop_time,2,0,32.90,5.34
blazegraph,5k,prop_time,blazegraph-5k-prop_time.prop_time,2,0,59.70,7.56
blazegraph,10k,prop_time,blazegraph-10k-prop_time.prop_time,3,10,-2.00,E
blazegraph,1k,prop_time,blazegraph-1k-prop_time.prop_time,3,10,-2.00,E
blazegraph,2k,prop_time,blazegraph-2k-prop_time.prop_time,3,10,-2.00,E
blazegraph,3k,prop_time,blazegraph-3k-prop_time.prop_time,3,10,-2.00,E
blazegraph,500,prop_time,blazegraph-500k-prop_time.prop_time,3,10,-2.00,E
blazegraph,5k,prop_time,blazegraph-5k-prop_time.prop_time,3,10,-2.00,E
blazegraph,10k,prop_time,blazegraph-10k-prop_time.prop_time,4,10,-2.00,E
blazegraph,1k,prop_time,blazegraph-1k-prop_time.prop_time,4,10,-2.00,E
blazegraph,2k,prop_time,blazegraph-2k-prop_time.prop_time,4,10,-2.00,E
blazegraph,3k,prop_time,blazegraph-3k-prop_time.prop_time,4,10,-2.00,E
blazegraph,500,prop_time,blazegraph-500k-prop_time.prop_time,4,10,-2.00,E
blazegraph,5k,prop_time,blazegraph-5k-prop_time.prop_time,4,10,-2.00,E
blazegraph,10k,prop_time,blazegraph-10k-prop_time.prop_time,5,10,-2.00,E
blazegraph,1k,prop_time,blazegraph-1k-prop_time.prop_time,5,0,44.30,4.17
blazegraph,2k,prop_time,blazegraph-2k-prop_time.prop_time,5,0,42.10,6.88
blazegraph,3k,prop_time,blazegraph-3k-prop_time.prop_time,5,0,41.20,1.78
blazegraph,500,prop_time,blazegraph-500k-prop_time.prop_time,5,0,43.50,3.01
blazegraph,5k,prop_time,blazegraph-5k-prop_time.prop_time,5,0,42.10,4.74
blazegraph,10k,prop_time,blazegraph-10k-prop_time.prop_time,6,10,-2.00,E
blazegraph,1k,prop_time,blazegraph-1k-prop_time.prop_time,6,0,31.80,3.57
blazegraph,2k,prop_time,blazegraph-2k-prop_time.prop_time,6,0,29.20,3.06
blazegraph,3k,prop_time,blazegraph-3k-prop_time.prop_time,6,0,31.40,3.64
blazegraph,500,prop_time,blazegraph-500k-prop_time.prop_time,6,0,30.50,3.56
blazegraph,5k,prop_time,blazegraph-5k-prop_time.prop_time,6,0,30.60,2.42
blazegraph,10k,prop_time,blazegraph-10k-prop_time.prop_time,7,10,-2.00,E
blazegraph,1k,prop_time,blazegraph-1k-prop_time.prop_time,7,10,-2.00,E
blazegraph,2k,prop_time,blazegraph-2k-prop_time.prop_time,7,10,-2.00,E
blazegraph,3k,prop_time,blazegraph-3k-prop_time.prop_time,7,10,-2.00,E
blazegraph,500,prop_time,blazegraph-500k-prop_time.prop_time,7,10,-2.00,E
blazegraph,5k,prop_time,blazegraph-5k-prop_time.prop_time,7,10,-2.00,E
blazegraph,10k,prop_time,blazegraph-10k-prop_time.prop_time,8,10,-2.00,E
blazegraph,1k,prop_time,blazegraph-1k-prop_time.prop_time,8,0,29.40,1.91
blazegraph,2k,prop_time,blazegraph-2k-prop_time.prop_time,8,0,30.10,1.81
blazegraph,3k,prop_time,blazegraph-3k-prop_time.prop_time,8,0,31.60,4.08
blazegraph,500,prop_time,blazegraph-500k-prop_time.prop_time,8,0,33.20,2.48
blazegraph,5k,prop_time,blazegraph-5k-prop_time.prop_time,8,0,30.00,2.37
blazegraph,10k,prop_time,blazegraph-10k-prop_time.prop_time,9,0,32.24,2.97
blazegraph,1k,prop_time,blazegraph-1k-prop_time.prop_time,9,0,18.30,2.45
blazegraph,2k,prop_time,blazegraph-2k-prop_time.prop_time,9,0,17.80,3.22
blazegraph,3k,prop_time,blazegraph-3k-prop_time.prop_time,9,0,20.40,4.61
blazegraph,500,prop_time,blazegraph-500k-prop_time.prop_time,9,0,18.70,3.03
blazegraph,5k,prop_time,blazegraph-5k-prop_time.prop_time,9,0,17.00,1.95
fuseki,10k,prop_time,fuseki-10k-prop_time.prop_time,1,0,155.30,31.91
fuseki,1k,prop_time,fuseki-1k-prop_time.prop_time,1,0,34.80,9.12
fuseki,2k,prop_time,fuseki-2k-prop_time.prop_time,1,0,43.60,11.80
fuseki,30k,prop_time,fuseki-30k-prop_time.prop_time,1,0,443.30,121.99
fuseki,3k,prop_time,fuseki-3k-prop_time.prop_time,1,0,58.00,13.00
fuseki,500,prop_time,fuseki-500k-prop_time.prop_time,1,0,25.60,6.65
fuseki,5k,prop_time,fuseki-5k-prop_time.prop_time,1,0,86.20,16.92
fuseki,10k,prop_time,fuseki-10k-prop_time.prop_time,2,0,144.20,3.92
fuseki,1k,prop_time,fuseki-1k-prop_time.prop_time,2,0,47.60,3.35
fuseki,2k,prop_time,fuseki-2k-prop_time.prop_time,2,0,41.90,3.83
fuseki,30k,prop_time,fuseki-30k-prop_time.prop_time,2,0,385.60,5.94
fuseki,3k,prop_time,fuseki-3k-prop_time.prop_time,2,0,54.50,3.96
fuseki,500,prop_time,fuseki-500k-prop_time.prop_time,2,0,35.10,2.02
fuseki,5k,prop_time,fuseki-5k-prop_time.prop_time,2,0,78.80,6.29
fuseki,10k,prop_time,fuseki-10k-prop_time.prop_time,3,10,-2.00,E
fuseki,1k,prop_time,fuseki-1k-prop_time.prop_time,3,10,-2.00,E
fuseki,2k,prop_time,fuseki-2k-prop_time.prop_time,3,10,-2.00,E
fuseki,30k,prop_time,fuseki-30k-prop_time.prop_time,3,10,-2.00,E
fuseki,3k,prop_time,fuseki-3k-prop_time.prop_time,3,10,-2.00,E
fuseki,500,prop_time,fuseki-500k-prop_time.prop_time,3,10,-2.00,E
fuseki,5k,prop_time,fuseki-5k-prop_time.prop_time,3,10,-2.00,E
fuseki,10k,prop_time,fuseki-10k-prop_time.prop_time,4,10,-2.00,E
fuseki,1k,prop_time,fuseki-1k-prop_time.prop_time,4,10,-2.00,E
fuseki,2k,prop_time,fuseki-2k-prop_time.prop_time,4,10,-2.00,E
fuseki,30k,prop_time,fuseki-30k-prop_time.prop_time,4,10,-2.00,E
fuseki,3k,prop_time,fuseki-3k-prop_time.prop_time,4,10,-2.00,E
fuseki,500,prop_time,fuseki-500k-prop_time.prop_time,4,10,-2.00,E
fuseki,5k,prop_time,fuseki-5k-prop_time.prop_time,4,10,-2.00,E
fuseki,10k,prop_time,fuseki-10k-prop_time.prop_time,5,0,17.50,2.97
fuseki,1k,prop_time,fuseki-1k-prop_time.prop_time,5,0,22.50,4.13
fuseki,2k,prop_time,fuseki-2k-prop_time.prop_time,5,0,18.60,3.32
fuseki,30k,prop_time,fuseki-30k-prop_time.prop_time,5,0,17.80,1.08
fuseki,3k,prop_time,fuseki-3k-prop_time.prop_time,5,0,18.40,3.80
fuseki,500,prop_time,fuseki-500k-prop_time.prop_time,5,0,18.10,1.64
fuseki,5k,prop_time,fuseki-5k-prop_time.prop_time,5,0,21.20,6.62
fuseki,10k,prop_time,fuseki-10k-prop_time.prop_time,6,0,16.30,1.90
fuseki,1k,prop_time,fuseki-1k-prop_time.prop_time,6,0,20.00,3.52
fuseki,2k,prop_time,fuseki-2k-prop_time.prop_time,6,0,21.00,5.25
fuseki,30k,prop_time,fuseki-30k-prop_time.prop_time,6,0,17.80,1.54
fuseki,3k,prop_time,fuseki-3k-prop_time.prop_time,6,0,18.00,3.35
fuseki,500,prop_time,fuseki-500k-prop_time.prop_time,6,0,18.30,2.24
fuseki,5k,prop_time,fuseki-5k-prop_time.prop_time,6,0,21.10,4.25
fuseki,10k,prop_time,fuseki-10k-prop_time.prop_time,7,10,-2.00,E
fuseki,1k,prop_time,fuseki-1k-prop_time.prop_time,7,10,-2.00,E
fuseki,2k,prop_time,fuseki-2k-prop_time.prop_time,7,10,-2.00,E
fuseki,30k,prop_time,fuseki-30k-prop_time.prop_time,7,10,-2.00,E
fuseki,3k,prop_time,fuseki-3k-prop_time.prop_time,7,10,-2.00,E
fuseki,500,prop_time,fuseki-500k-prop_time.prop_time,7,10,-2.00,E
fuseki,5k,prop_time,fuseki-5k-prop_time.prop_time,7,10,-2.00,E
fuseki,10k,prop_time,fuseki-10k-prop_time.prop_time,8,0,49.10,3.36
fuseki,1k,prop_time,fuseki-1k-prop_time.prop_time,8,0,23.50,3.14
fuseki,2k,prop_time,fuseki-2k-prop_time.prop_time,8,0,23.80,1.83
fuseki,30k,prop_time,fuseki-30k-prop_time.prop_time,8,0,123.70,3.85
fuseki,3k,prop_time,fuseki-3k-prop_time.prop_time,8,0,30.20,4.94
fuseki,500,prop_time,fuseki-500k-prop_time.prop_time,8,0,19.30,2.57
fuseki,5k,prop_time,fuseki-5k-prop_time.prop_time,8,0,37.30,4.38
fuseki,10k,prop_time,fuseki-10k-prop_time.prop_time,9,0,17.60,2.24
fuseki,1k,prop_time,fuseki-1k-prop_time.prop_time,9,0,21.50,5.08
fuseki,2k,prop_time,fuseki-2k-prop_time.prop_time,9,0,17.50,2.58
fuseki,30k,prop_time,fuseki-30k-prop_time.prop_time,9,0,18.50,2.97
fuseki,3k,prop_time,fuseki-3k-prop_time.prop_time,9,0,17.70,4.22
fuseki,500,prop_time,fuseki-500k-prop_time.prop_time,9,0,18.00,2.83
fuseki,5k,prop_time,fuseki-5k-prop_time.prop_time,9,0,22.10,6.24
fuseki_hdt,1k,prop_time,fuseki_hdt-1k-prop_time.prop_time,1,10,-2.00,E
fuseki_hdt,1k,prop_time,fuseki_hdt-1k-prop_time.prop_time,2,10,-2.00,E
fuseki_hdt,1k,prop_time,fuseki_hdt-1k-prop_time.prop_time,3,10,-2.00,E
fuseki_hdt,1k,prop_time,fuseki_hdt-1k-prop_time.prop_time,4,10,-2.00,E
fuseki_hdt,1k,prop_time,fuseki_hdt-1k-prop_time.prop_time,5,10,-2.00,E
fuseki_hdt,1k,prop_time,fuseki_hdt-1k-prop_time.prop_time,6,10,-2.00,E
fuseki_hdt,1k,prop_time,fuseki_hdt-1k-prop_time.prop_time,7,10,-2.00,E
fuseki_hdt,1k,prop_time,fuseki_hdt-1k-prop_time.prop_time,8,10,-2.00,E
fuseki_hdt,1k,prop_time,fuseki_hdt-1k-prop_time.prop_time,9,10,-2.00,E
fuseki_mem,10k,prop_time,fuseki_mem-10k-prop_time.prop_time,1,0,116.00,3.85
fuseki_mem,1k,prop_time,fuseki_mem-1k-prop_time.prop_time,1,0,31.70,9.90
fuseki_mem,2k,prop_time,fuseki_mem-2k-prop_time.prop_time,1,0,38.00,3.79
fuseki_mem,3k,prop_time,fuseki_mem-3k-prop_time.prop_time,1,0,43.80,2.04
fuseki_mem,500,prop_time,fuseki_mem-500k-prop_time.prop_time,1,0,27.20,6.66
fuseki_mem,5k,prop_time,fuseki_mem-5k-prop_time.prop_time,1,0,68.40,5.50
fuseki_mem,10k,prop_time,fuseki_mem-10k-prop_time.prop_time,2,0,460.90,6.38
fuseki_mem,1k,prop_time,fuseki_mem-1k-prop_time.prop_time,2,0,54.70,2.00
fuseki_mem,2k,prop_time,fuseki_mem-2k-prop_time.prop_time,2,0,86.80,5.15
fuseki_mem,3k,prop_time,fuseki_mem-3k-prop_time.prop_time,2,0,130.80,1.94
fuseki_mem,500,prop_time,fuseki_mem-500k-prop_time.prop_time,2,0,38.90,3.30
fuseki_mem,5k,prop_time,fuseki_mem-5k-prop_time.prop_time,2,0,223.10,8.19
fuseki_mem,10k,prop_time,fuseki_mem-10k-prop_time.prop_time,3,10,-2.00,E
fuseki_mem,1k,prop_time,fuseki_mem-1k-prop_time.prop_time,3,10,-2.00,E
fuseki_mem,2k,prop_time,fuseki_mem-2k-prop_time.prop_time,3,10,-2.00,E
fuseki_mem,3k,prop_time,fuseki_mem-3k-prop_time.prop_time,3,10,-2.00,E
fuseki_mem,500,prop_time,fuseki_mem-500k-prop_time.prop_time,3,10,-2.00,E
fuseki_mem,5k,prop_time,fuseki_mem-5k-prop_time.prop_time,3,10,-2.00,E
fuseki_mem,10k,prop_time,fuseki_mem-10k-prop_time.prop_time,4,10,-2.00,E
fuseki_mem,1k,prop_time,fuseki_mem-1k-prop_time.prop_time,4,10,E,E
fuseki_mem,2k,prop_time,fuseki_mem-2k-prop_time.prop_time,4,10,-2.00,E
fuseki_mem,3k,prop_time,fuseki_mem-3k-prop_time.prop_time,4,10,-2.00,E
fuseki_mem,500,prop_time,fuseki_mem-500k-prop_time.prop_time,4,10,-2.00,E
fuseki_mem,5k,prop_time,fuseki_mem-5k-prop_time.prop_time,4,10,-2.00,E
fuseki_mem,10k,prop_time,fuseki_mem-10k-prop_time.prop_time,5,0,14.20,2.14
fuseki_mem,1k,prop_time,fuseki_mem-1k-prop_time.prop_time,5,0,18.60,2.29
fuseki_mem,2k,prop_time,fuseki_mem-2k-prop_time.prop_time,5,0,18.20,2.99
fuseki_mem,3k,prop_time,fuseki_mem-3k-prop_time.prop_time,5,0,14.90,1.92
fuseki_mem,500,prop_time,fuseki_mem-500k-prop_time.prop_time,5,0,19.80,3.34
fuseki_mem,5k,prop_time,fuseki_mem-5k-prop_time.prop_time,5,0,14.80,2.32
fuseki_mem,10k,prop_time,fuseki_mem-10k-prop_time.prop_time,6,0,15.90,3.75
fuseki_mem,1k,prop_time,fuseki_mem-1k-prop_time.prop_time,6,0,19.10,4.46
fuseki_mem,2k,prop_time,fuseki_mem-2k-prop_time.prop_time,6,0,16.70,2.28
fuseki_mem,3k,prop_time,fuseki_mem-3k-prop_time.prop_time,6,0,14.30,1.00
fuseki_mem,500,prop_time,fuseki_mem-500k-prop_time.prop_time,6,0,18.60,3.75
fuseki_mem,5k,prop_time,fuseki_mem-5k-prop_time.prop_time,6,0,17.00,4.00
fuseki_mem,10k,prop_time,fuseki_mem-10k-prop_time.prop_time,7,10,-2.00,E
fuseki_mem,1k,prop_time,fuseki_mem-1k-prop_time.prop_time,7,10,-2.00,E
fuseki_mem,2k,prop_time,fuseki_mem-2k-prop_time.prop_time,7,10,-2.00,E
fuseki_mem,3k,prop_time,fuseki_mem-3k-prop_time.prop_time,7,10,-2.00,E
fuseki_mem,500,prop_time,fuseki_mem-500k-prop_time.prop_time,7,10,-2.00,E
fuseki_mem,5k,prop_time,fuseki_mem-5k-prop_time.prop_time,7,10,-2.00,E
fuseki_mem,10k,prop_time,fuseki_mem-10k-prop_time.prop_time,8,0,35.50,4.52
fuseki_mem,1k,prop_time,fuseki_mem-1k-prop_time.prop_time,8,0,20.70,3.44
fuseki_mem,2k,prop_time,fuseki_mem-2k-prop_time.prop_time,8,0,20.10,3.18
fuseki_mem,3k,prop_time,fuseki_mem-3k-prop_time.prop_time,8,0,19.60,1.62
fuseki_mem,500,prop_time,fuseki_mem-500k-prop_time.prop_time,8,0,19.00,5.04
fuseki_mem,5k,prop_time,fuseki_mem-5k-prop_time.prop_time,8,0,28.90,4.48
fuseki_mem,10k,prop_time,fuseki_mem-10k-prop_time.prop_time,9,0,13.40,1.28
fuseki_mem,1k,prop_time,fuseki_mem-1k-prop_time.prop_time,9,0,17.50,4.20
fuseki_mem,2k,prop_time,fuseki_mem-2k-prop_time.prop_time,9,0,15.80,2.18
fuseki_mem,3k,prop_time,fuseki_mem-3k-prop_time.prop_time,9,0,13.70,0.78
fuseki_mem,500,prop_time,fuseki_mem-500k-prop_time.prop_time,9,0,20.50,3.07
fuseki_mem,5k,prop_time,fuseki_mem-5k-prop_time.prop_time,9,0,14.30,2.10
virtuoso,10k,prop_time,virtuoso-10k-prop_time.prop_time,1,0,16.00,2.83
virtuoso,1k,prop_time,virtuoso-1k-prop_time.prop_time,1,0,48.70,102.81
virtuoso,2k,prop_time,virtuoso-2k-prop_time.prop_time,1,0,13.80,2.75
virtuoso,30k,prop_time,virtuoso-30k-prop_time.prop_time,1,0,20.00,3.32
virtuoso,3k,prop_time,virtuoso-3k-prop_time.prop_time,1,0,17.00,4.07
virtuoso,500,prop_time,virtuoso-500k-prop_time.prop_time,1,0,14.30,2.93
virtuoso,5k,prop_time,virtuoso-5k-prop_time.prop_time,1,0,44.70,92.12
virtuoso,10k,prop_time,virtuoso-10k-prop_time.prop_time,2,0,36.80,4.66
virtuoso,1k,prop_time,virtuoso-1k-prop_time.prop_time,2,0,15.30,3.20
virtuoso,2k,prop_time,virtuoso-2k-prop_time.prop_time,2,0,15.90,2.07
virtuoso,30k,prop_time,virtuoso-30k-prop_time.prop_time,2,10,-2.00,E
virtuoso,3k,prop_time,virtuoso-3k-prop_time.prop_time,2,0,22.50,4.59
virtuoso,500,prop_time,virtuoso-500k-prop_time.prop_time,2,0,15.80,2.68
virtuoso,5k,prop_time,virtuoso-5k-prop_time.prop_time,2,0,22.10,6.17
virtuoso,10k,prop_time,virtuoso-10k-prop_time.prop_time,3,0,119.10,27.39
virtuoso,1k,prop_time,virtuoso-1k-prop_time.prop_time,3,0,24.30,2.69
virtuoso,2k,prop_time,virtuoso-2k-prop_time.prop_time,3,0,36.20,4.45
virtuoso,30k,prop_time,virtuoso-30k-prop_time.prop_time,3,0,151.10,22.22
virtuoso,3k,prop_time,virtuoso-3k-prop_time.prop_time,3,0,44.90,4.39
virtuoso,500,prop_time,virtuoso-500k-prop_time.prop_time,3,0,22.70,4.36
virtuoso,5k,prop_time,virtuoso-5k-prop_time.prop_time,3,0,63.70,8.21
virtuoso,10k,prop_time,virtuoso-10k-prop_time.prop_time,4,10,-2.00,E
virtuoso,1k,prop_time,virtuoso-1k-prop_time.prop_time,4,10,-2.00,E
virtuoso,2k,prop_time,virtuoso-2k-prop_time.prop_time,4,10,-2.00,E
virtuoso,30k,prop_time,virtuoso-30k-prop_time.prop_time,4,10,-2.00,E
virtuoso,3k,prop_time,virtuoso-3k-prop_time.prop_time,4,10,-2.00,E
virtuoso,500,prop_time,virtuoso-500k-prop_time.prop_time,4,10,E,E
virtuoso,5k,prop_time,virtuoso-5k-prop_time.prop_time,4,10,-2.00,E
virtuoso,10k,prop_time,virtuoso-10k-prop_time.prop_time,5,0,1437.00,8.63
virtuoso,1k,prop_time,virtuoso-1k-prop_time.prop_time,5,0,16.90,2.81
virtuoso,2k,prop_time,virtuoso-2k-prop_time.prop_time,5,0,150.10,4.21
virtuoso,30k,prop_time,virtuoso-30k-prop_time.prop_time,5,0,16.70,2.53
virtuoso,3k,prop_time,virtuoso-3k-prop_time.prop_time,5,0,270.40,5.48
virtuoso,500,prop_time,virtuoso-500k-prop_time.prop_time,5,0,55.40,117.91
virtuoso,5k,prop_time,virtuoso-5k-prop_time.prop_time,5,0,555.20,8.23
virtuoso,10k,prop_time,virtuoso-10k-prop_time.prop_time,6,0,16.60,3.83
virtuoso,1k,prop_time,virtuoso-1k-prop_time.prop_time,6,0,15.20,1.99
virtuoso,2k,prop_time,virtuoso-2k-prop_time.prop_time,6,0,15.30,3.29
virtuoso,30k,prop_time,virtuoso-30k-prop_time.prop_time,6,0,15.40,2.97
virtuoso,3k,prop_time,virtuoso-3k-prop_time.prop_time,6,0,15.90,3.11
virtuoso,500,prop_time,virtuoso-500k-prop_time.prop_time,6,0,15.60,2.97
virtuoso,5k,prop_time,virtuoso-5k-prop_time.prop_time,6,0,14.10,2.26
virtuoso,10k,prop_time,virtuoso-10k-prop_time.prop_time,7,10,-2.00,E
virtuoso,1k,prop_time,virtuoso-1k-prop_time.prop_time,7,10,-2.00,E
virtuoso,2k,prop_time,virtuoso-2k-prop_time.prop_time,7,10,-2.00,E
virtuoso,30k,prop_time,virtuoso-30k-prop_time.prop_time,7,10,-2.00,E
virtuoso,3k,prop_time,virtuoso-3k-prop_time.prop_time,7,10,-2.00,E
virtuoso,500,prop_time,virtuoso-500k-prop_time.prop_time,7,10,E,E
virtuoso,5k,prop_time,virtuoso-5k-prop_time.prop_time,7,10,-2.00,E
virtuoso,10k,prop_time,virtuoso-10k-prop_time.prop_time,8,0,15.40,2.80
virtuoso,1k,prop_time,virtuoso-1k-prop_time.prop_time,8,0,14.40,3.20
virtuoso,2k,prop_time,virtuoso-2k-prop_time.prop_time,8,0,15.40,3.50
virtuoso,30k,prop_time,virtuoso-30k-prop_time.prop_time,8,0,15.10,3.08
virtuoso,3k,prop_time,virtuoso-3k-prop_time.prop_time,8,0,14.70,3.66
virtuoso,500,prop_time,virtuoso-500k-prop_time.prop_time,8,0,13.40,1.96
virtuoso,5k,prop_time,virtuoso-5k-prop_time.prop_time,8,0,15.70,3.80
virtuoso,10k,prop_time,virtuoso-10k-prop_time.prop_time,9,0,13.10,2.66
virtuoso,1k,prop_time,virtuoso-1k-prop_time.prop_time,9,0,12.60,1.20
virtuoso,2k,prop_time,virtuoso-2k-prop_time.prop_time,9,0,13.30,1.90
virtuoso,30k,prop_time,virtuoso-30k-prop_time.prop_time,9,0,13.50,1.91
virtuoso,3k,prop_time,virtuoso-3k-prop_time.prop_time,9,0,16.70,2.45
virtuoso,500,prop_time,virtuoso-500k-prop_time.prop_time,9,0,13.10,2.07
virtuoso,5k,prop_time,virtuoso-5k-prop_time.prop_time,9,0,11.80,1.54
blazegraph,10k,seq,blazegraph-10k-seq.seq,1,0,82.80,122.82
blazegraph,1k,seq,blazegraph-1k-seq.seq,1,0,36.90,8.29
blazegraph,2k,seq,blazegraph-2k-seq.seq,1,0,26.40,3.69
blazegraph,3k,seq,blazegraph-3k-seq.seq,1,0,26.40,3.80
blazegraph,500,seq,blazegraph-500k-seq.seq,1,0,24.90,5.32
blazegraph,5k,seq,blazegraph-5k-seq.seq,1,0,36.20,5.83
blazegraph,10k,seq,blazegraph-10k-seq.seq,2,0,609.20,42.75
blazegraph,1k,seq,blazegraph-1k-seq.seq,2,0,51.40,7.20
blazegraph,2k,seq,blazegraph-2k-seq.seq,2,0,45.40,4.10
blazegraph,3k,seq,blazegraph-3k-seq.seq,2,0,52.70,4.00
blazegraph,500,seq,blazegraph-500k-seq.seq,2,0,43.70,8.20
blazegraph,5k,seq,blazegraph-5k-seq.seq,2,0,76.80,8.73
blazegraph,10k,seq,blazegraph-10k-seq.seq,3,0,1729.70,66.73
blazegraph,1k,seq,blazegraph-1k-seq.seq,3,0,50.30,7.47
blazegraph,2k,seq,blazegraph-2k-seq.seq,3,0,59.60,7.94
blazegraph,3k,seq,blazegraph-3k-seq.seq,3,0,77.90,8.58
blazegraph,500,seq,blazegraph-500k-seq.seq,3,0,56.30,5.51
blazegraph,5k,seq,blazegraph-5k-seq.seq,3,0,110.30,12.03
blazegraph,10k,seq,blazegraph-10k-seq.seq,4,0,2605.00,81.66
blazegraph,1k,seq,blazegraph-1k-seq.seq,4,0,70.90,9.90
blazegraph,2k,seq,blazegraph-2k-seq.seq,4,0,92.30,8.94
blazegraph,3k,seq,blazegraph-3k-seq.seq,4,0,121.10,11.96
blazegraph,500,seq,blazegraph-500k-seq.seq,4,0,79.00,7.75
blazegraph,5k,seq,blazegraph-5k-seq.seq,4,0,151.60,7.95
blazegraph,10k,seq,blazegraph-10k-seq.seq,5,0,754.90,41.27
blazegraph,1k,seq,blazegraph-1k-seq.seq,5,0,56.90,5.91
blazegraph,2k,seq,blazegraph-2k-seq.seq,5,0,57.90,6.82
blazegraph,3k,seq,blazegraph-3k-seq.seq,5,0,68.40,7.89
blazegraph,500,seq,blazegraph-500k-seq.seq,5,0,64.40,4.63
blazegraph,5k,seq,blazegraph-5k-seq.seq,5,0,75.20,7.48
blazegraph,10k,seq,blazegraph-10k-seq.seq,6,0,14564.40,408.93
blazegraph,1k,seq,blazegraph-1k-seq.seq,6,0,376.40,31.53
blazegraph,2k,seq,blazegraph-2k-seq.seq,6,0,463.80,64.45
blazegraph,3k,seq,blazegraph-3k-seq.seq,6,0,695.60,49.27
blazegraph,500,seq,blazegraph-500k-seq.seq,6,0,395.30,64.21
blazegraph,5k,seq,blazegraph-5k-seq.seq,6,0,886.90,62.79
blazegraph,10k,seq,blazegraph-10k-seq.seq,7,0,2453.40,586.26
blazegraph,1k,seq,blazegraph-1k-seq.seq,7,0,272.30,64.78
blazegraph,2k,seq,blazegraph-2k-seq.seq,7,0,406.30,130.27
blazegraph,3k,seq,blazegraph-3k-seq.seq,7,0,595.40,176.07
blazegraph,500,seq,blazegraph-500k-seq.seq,7,0,356.00,121.78
blazegraph,5k,seq,blazegraph-5k-seq.seq,7,0,914.20,297.17
blazegraph,10k,seq,blazegraph-10k-seq.seq,8,0,36.60,8.60
blazegraph,1k,seq,blazegraph-1k-seq.seq,8,0,35.40,4.27
blazegraph,2k,seq,blazegraph-2k-seq.seq,8,0,32.40,2.01
blazegraph,3k,seq,blazegraph-3k-seq.seq,8,0,33.10,5.01
blazegraph,500,seq,blazegraph-500k-seq.seq,8,0,38.20,3.74
blazegraph,5k,seq,blazegraph-5k-seq.seq,8,0,33.70,5.12
blazegraph,10k,seq,blazegraph-10k-seq.seq,9,0,1922.20,1060.50
blazegraph,1k,seq,blazegraph-1k-seq.seq,9,0,1818.30,662.77
blazegraph,2k,seq,blazegraph-2k-seq.seq,9,0,3292.60,1297.11
blazegraph,3k,seq,blazegraph-3k-seq.seq,9,0,3670.50,1327.80
blazegraph,500,seq,blazegraph-500k-seq.seq,9,0,7609.50,2944.57
blazegraph,5k,seq,blazegraph-5k-seq.seq,9,0,6695.80,2591.09
fuseki,10k,seq,fuseki-10k-seq.seq,1,0,14.40,2.37
fuseki,1k,seq,fuseki-1k-seq.seq,1,0,20.60,3.88
fuseki,2k,seq,fuseki-2k-seq.seq,1,0,15.20,2.56
fuseki,30k,seq,fuseki-30k-seq.seq,1,0,16.50,3.38
fuseki,3k,seq,fuseki-3k-seq.seq,1,0,16.00,3.52
fuseki,500,seq,fuseki-500k-seq.seq,1,0,15.40,2.54
fuseki,5k,seq,fuseki-5k-seq.seq,1,0,17.40,2.42
fuseki,10k,seq,fuseki-10k-seq.seq,2,0,65.60,23.66
fuseki,1k,seq,fuseki-1k-seq.seq,2,0,26.20,5.29
fuseki,2k,seq,fuseki-2k-seq.seq,2,0,27.70,5.00
fuseki,30k,seq,fuseki-30k-seq.seq,2,0,156.00,75.74
fuseki,3k,seq,fuseki-3k-seq.seq,2,0,35.50,7.85
fuseki,500,seq,fuseki-500k-seq.seq,2,0,19.10,3.62
fuseki,5k,seq,fuseki-5k-seq.seq,2,0,39.70,10.85
fuseki,10k,seq,fuseki-10k-seq.seq,3,0,139.70,3.61
fuseki,1k,seq,fuseki-1k-seq.seq,3,0,31.70,2.72
fuseki,2k,seq,fuseki-2k-seq.seq,3,0,40.20,2.52
fuseki,30k,seq,fuseki-30k-seq.seq,3,0,411.10,10.97
fuseki,3k,seq,fuseki-3k-seq.seq,3,0,53.30,2.97
fuseki,500,seq,fuseki-500k-seq.seq,3,0,23.30,3.29
fuseki,5k,seq,fuseki-5k-seq.seq,3,0,76.60,4.59
fuseki,10k,seq,fuseki-10k-seq.seq,4,0,199.40,3.75
fuseki,1k,seq,fuseki-1k-seq.seq,4,0,37.00,3.63
fuseki,2k,seq,fuseki-2k-seq.seq,4,0,54.50,3.47
fuseki,30k,seq,fuseki-30k-seq.seq,4,0,594.60,8.48
fuseki,3k,seq,fuseki-3k-seq.seq,4,0,73.50,4.74
fuseki,500,seq,fuseki-500k-seq.seq,4,0,26.40,3.56
fuseki,5k,seq,fuseki-5k-seq.seq,4,0,104.10,3.11
fuseki,10k,seq,fuseki-10k-seq.seq,5,0,106.30,7.34
fuseki,1k,seq,fuseki-1k-seq.seq,5,0,31.80,5.86
fuseki,2k,seq,fuseki-2k-seq.seq,5,0,36.80,3.37
fuseki,30k,seq,fuseki-30k-seq.seq,5,0,264.40,6.70
fuseki,3k,seq,fuseki-3k-seq.seq,5,0,43.30,3.23
fuseki,500,seq,fuseki-500k-seq.seq,5,0,25.20,5.27
fuseki,5k,seq,fuseki-5k-seq.seq,5,0,59.30,3.23
fuseki,10k,seq,fuseki-10k-seq.seq,6,0,74.50,162.19
fuseki,1k,seq,fuseki-1k-seq.seq,6,0,42.30,40.87
fuseki,2k,seq,fuseki-2k-seq.seq,6,0,43.90,53.62
fuseki,30k,seq,fuseki-30k-seq.seq,6,0,176.40,436.95
fuseki,3k,seq,fuseki-3k-seq.seq,6,0,47.60,70.86
fuseki,500,seq,fuseki-500k-seq.seq,6,0,32.30,23.44
fuseki,5k,seq,fuseki-5k-seq.seq,6,0,57.00,95.12
fuseki,10k,seq,fuseki-10k-seq.seq,7,0,16.90,2.59
fuseki,1k,seq,fuseki-1k-seq.seq,7,0,20.80,3.76
fuseki,2k,seq,fuseki-2k-seq.seq,7,0,19.60,3.44
fuseki,30k,seq,fuseki-30k-seq.seq,7,0,18.70,1.85
fuseki,3k,seq,fuseki-3k-seq.seq,7,0,20.20,3.40
fuseki,500,seq,fuseki-500k-seq.seq,7,0,19.20,2.52
fuseki,5k,seq,fuseki-5k-seq.seq,7,0,21.50,2.77
fuseki,10k,seq,fuseki-10k-seq.seq,8,0,17.10,2.66
fuseki,1k,seq,fuseki-1k-seq.seq,8,0,19.50,2.50
fuseki,2k,seq,fuseki-2k-seq.seq,8,0,21.00,4.07
fuseki,30k,seq,fuseki-30k-seq.seq,8,0,20.30,3.10
fuseki,3k,seq,fuseki-3k-seq.seq,8,0,19.50,2.69
fuseki,500,seq,fuseki-500k-seq.seq,8,0,19.70,3.72
fuseki,5k,seq,fuseki-5k-seq.seq,8,0,18.40,2.50
fuseki,10k,seq,fuseki-10k-seq.seq,9,0,16.50,2.01
fuseki,1k,seq,fuseki-1k-seq.seq,9,0,21.10,3.01
fuseki,2k,seq,fuseki-2k-seq.seq,9,0,20.50,3.14
fuseki,30k,seq,fuseki-30k-seq.seq,9,0,19.10,2.07
fuseki,3k,seq,fuseki-3k-seq.seq,9,0,20.90,3.51
fuseki,500,seq,fuseki-500k-seq.seq,9,0,22.20,3.99
fuseki,5k,seq,fuseki-5k-seq.seq,9,0,21.60,3.72
fuseki_hdt,1k,seq,fuseki_hdt-1k-seq.seq,1,10,-2.00,E
fuseki_hdt,1k,seq,fuseki_hdt-1k-seq.seq,2,10,-2.00,E
fuseki_hdt,1k,seq,fuseki_hdt-1k-seq.seq,3,10,-2.00,E
fuseki_hdt,1k,seq,fuseki_hdt-1k-seq.seq,4,10,-2.00,E
fuseki_hdt,1k,seq,fuseki_hdt-1k-seq.seq,5,10,-2.00,E
fuseki_hdt,1k,seq,fuseki_hdt-1k-seq.seq,6,10,-2.00,E
fuseki_hdt,1k,seq,fuseki_hdt-1k-seq.seq,7,10,-2.00,E
fuseki_hdt,1k,seq,fuseki_hdt-1k-seq.seq,8,10,-2.00,E
fuseki_hdt,1k,seq,fuseki_hdt-1k-seq.seq,9,10,-2.00,E
fuseki_mem,10k,seq,fuseki_mem-10k-seq.seq,1,0,13.90,2.70
fuseki_mem,1k,seq,fuseki_mem-1k-seq.seq,1,0,21.50,3.53
fuseki_mem,2k,seq,fuseki_mem-2k-seq.seq,1,0,16.20,3.82
fuseki_mem,3k,seq,fuseki_mem-3k-seq.seq,1,0,13.20,0.87
fuseki_mem,500,seq,fuseki_mem-500k-seq.seq,1,0,19.90,2.55
fuseki_mem,5k,seq,fuseki_mem-5k-seq.seq,1,0,15.70,3.03
fuseki_mem,10k,seq,fuseki_mem-10k-seq.seq,2,0,49.20,3.97
fuseki_mem,1k,seq,fuseki_mem-1k-seq.seq,2,0,24.20,3.94
fuseki_mem,2k,seq,fuseki_mem-2k-seq.seq,2,0,26.10,4.32
fuseki_mem,3k,seq,fuseki_mem-3k-seq.seq,2,0,23.80,1.66
fuseki_mem,500,seq,fuseki_mem-500k-seq.seq,2,0,20.20,2.32
fuseki_mem,5k,seq,fuseki_mem-5k-seq.seq,2,0,33.30,3.52
fuseki_mem,10k,seq,fuseki_mem-10k-seq.seq,3,0,213.80,15.32
fuseki_mem,1k,seq,fuseki_mem-1k-seq.seq,3,0,35.10,3.78
fuseki_mem,2k,seq,fuseki_mem-2k-seq.seq,3,0,46.10,2.81
fuseki_mem,3k,seq,fuseki_mem-3k-seq.seq,3,0,65.50,5.94
fuseki_mem,500,seq,fuseki_mem-500k-seq.seq,3,0,23.80,2.99
fuseki_mem,5k,seq,fuseki_mem-5k-seq.seq,3,0,107.40,6.26
fuseki_mem,10k,seq,fuseki_mem-10k-seq.seq,4,0,266.20,3.87
fuseki_mem,1k,seq,fuseki_mem-1k-seq.seq,4,0,37.10,2.26
fuseki_mem,2k,seq,fuseki_mem-2k-seq.seq,4,0,59.50,3.20
fuseki_mem,3k,seq,fuseki_mem-3k-seq.seq,4,0,80.80,0.98
fuseki_mem,500,seq,fuseki_mem-500k-seq.seq,4,0,28.30,2.72
fuseki_mem,5k,seq,fuseki_mem-5k-seq.seq,4,0,135.90,6.27
fuseki_mem,10k,seq,fuseki_mem-10k-seq.seq,5,0,56.20,4.89
fuseki_mem,1k,seq,fuseki_mem-1k-seq.seq,5,0,21.50,4.82
fuseki_mem,2k,seq,fuseki_mem-2k-seq.seq,5,0,24.40,4.27
fuseki_mem,3k,seq,fuseki_mem-3k-seq.seq,5,0,24.60,0.49
fuseki_mem,500,seq,fuseki_mem-500k-seq.seq,5,0,20.90,3.01
fuseki_mem,5k,seq,fuseki_mem-5k-seq.seq,5,0,37.40,4.92
fuseki_mem,10k,seq,fuseki_mem-10k-seq.seq,6,0,42.60,79.17
fuseki_mem,1k,seq,fuseki_mem-1k-seq.seq,6,0,22.50,8.08
fuseki_mem,2k,seq,fuseki_mem-2k-seq.seq,6,0,23.30,15.01
fuseki_mem,3k,seq,fuseki_mem-3k-seq.seq,6,0,20.70,22.44
fuseki_mem,500,seq,fuseki_mem-500k-seq.seq,6,0,19.80,5.81
fuseki_mem,5k,seq,fuseki_mem-5k-seq.seq,6,0,31.20,38.49
fuseki_mem,10k,seq,fuseki_mem-10k-seq.seq,7,0,15.40,2.46
fuseki_mem,1k,seq,fuseki_mem-1k-seq.seq,7,0,19.30,2.90
fuseki_mem,2k,seq,fuseki_mem-2k-seq.seq,7,0,15.80,2.64
fuseki_mem,3k,seq,fuseki_mem-3k-seq.seq,7,0,13.00,0.45
fuseki_mem,500,seq,fuseki_mem-500k-seq.seq,7,0,19.00,2.32
fuseki_mem,5k,seq,fuseki_mem-5k-seq.seq,7,0,16.10,3.05
fuseki_mem,10k,seq,fuseki_mem-10k-seq.seq,8,0,13.90,2.39
fuseki_mem,1k,seq,fuseki_mem-1k-seq.seq,8,0,15.70,1.85
fuseki_mem,2k,seq,fuseki_mem-2k-seq.seq,8,0,16.00,1.79
fuseki_mem,3k,seq,fuseki_mem-3k-seq.seq,8,0,12.40,0.66
fuseki_mem,500,seq,fuseki_mem-500k-seq.seq,8,0,16.60,2.15
fuseki_mem,5k,seq,fuseki_mem-5k-seq.seq,8,0,14.50,1.80
fuseki_mem,10k,seq,fuseki_mem-10k-seq.seq,9,0,14.80,2.93
fuseki_mem,1k,seq,fuseki_mem-1k-seq.seq,9,0,16.30,1.35
fuseki_mem,2k,seq,fuseki_mem-2k-seq.seq,9,0,16.00,1.67
fuseki_mem,3k,seq,fuseki_mem-3k-seq.seq,9,0,13.60,0.66
fuseki_mem,500,seq,fuseki_mem-500k-seq.seq,9,0,18.50,3.04
fuseki_mem,5k,seq,fuseki_mem-5k-seq.seq,9,0,16.90,3.65
virtuoso,10k,seq,virtuoso-10k-seq.seq,1,0,14.10,2.55
virtuoso,1k,seq,virtuoso-1k-seq.seq,1,0,16.90,10.38
virtuoso,2k,seq,virtuoso-2k-seq.seq,1,0,14.20,2.71
virtuoso,30k,seq,virtuoso-30k-seq.seq,1,0,14.30,3.41
virtuoso,3k,seq,virtuoso-3k-seq.seq,1,0,13.00,1.73
virtuoso,500,seq,virtuoso-500k-seq.seq,1,0,14.60,1.96
virtuoso,5k,seq,virtuoso-5k-seq.seq,1,0,14.60,5.35
virtuoso,10k,seq,virtuoso-10k-seq.seq,2,0,531.20,5.33
virtuoso,1k,seq,virtuoso-1k-seq.seq,2,0,19.20,2.60
virtuoso,2k,seq,virtuoso-2k-seq.seq,2,0,123.30,3.90
virtuoso,30k,seq,virtuoso-30k-seq.seq,2,0,95.80,5.60
virtuoso,3k,seq,virtuoso-3k-seq.seq,2,0,177.00,3.19
virtuoso,500,seq,virtuoso-500k-seq.seq,2,0,897.00,13.99
virtuoso,5k,seq,virtuoso-5k-seq.seq,2,0,285.70,3.93
virtuoso,10k,seq,virtuoso-10k-seq.seq,3,0,703.00,23.66
virtuoso,1k,seq,virtuoso-1k-seq.seq,3,0,32.30,2.41
virtuoso,2k,seq,virtuoso-2k-seq.seq,3,0,152.60,4.92
virtuoso,30k,seq,virtuoso-30k-seq.seq,3,0,383.60,24.06
virtuoso,3k,seq,virtuoso-3k-seq.seq,3,0,225.80,5.93
virtuoso,500,seq,virtuoso-500k-seq.seq,3,0,1004.40,17.60
virtuoso,5k,seq,virtuoso-5k-seq.seq,3,0,361.40,8.04
virtuoso,10k,seq,virtuoso-10k-seq.seq,4,10,-2.00,E
virtuoso,1k,seq,virtuoso-1k-seq.seq,4,0,5114.60,42.15
virtuoso,2k,seq,virtuoso-2k-seq.seq,4,0,34866.40,175.57
virtuoso,30k,seq,virtuoso-30k-seq.seq,4,10,-2.00,E
virtuoso,3k,seq,virtuoso-3k-seq.seq,4,0,79253.80,1009.10
virtuoso,500,seq,virtuoso-500k-seq.seq,4,0,2243.30,20.59
virtuoso,5k,seq,virtuoso-5k-seq.seq,4,0,215425.70,543.79
virtuoso,10k,seq,virtuoso-10k-seq.seq,5,0,1782.30,12.82
virtuoso,1k,seq,virtuoso-1k-seq.seq,5,0,24.40,4.98
virtuoso,2k,seq,virtuoso-2k-seq.seq,5,0,194.60,3.61
virtuoso,30k,seq,virtuoso-30k-seq.seq,5,0,687.20,19.73
virtuoso,3k,seq,virtuoso-3k-seq.seq,5,0,344.60,7.53
virtuoso,500,seq,virtuoso-500k-seq.seq,5,0,26.30,4.82
virtuoso,5k,seq,virtuoso-5k-seq.seq,5,0,712.40,8.77
virtuoso,10k,seq,virtuoso-10k-seq.seq,6,0,297.40,40.02
virtuoso,1k,seq,virtuoso-1k-seq.seq,6,0,41.90,5.82
virtuoso,2k,seq,virtuoso-2k-seq.seq,6,0,75.40,10.81
virtuoso,30k,seq,virtuoso-30k-seq.seq,6,0,729.70,60.16
virtuoso,3k,seq,virtuoso-3k-seq.seq,6,0,102.30,11.08
virtuoso,500,seq,virtuoso-500k-seq.seq,6,0,117.10,7.02
virtuoso,5k,seq,virtuoso-5k-seq.seq,6,0,157.60,13.45
virtuoso,10k,seq,virtuoso-10k-seq.seq,7,0,561.80,9.80
virtuoso,1k,seq,virtuoso-1k-seq.seq,7,0,23.40,4.05
virtuoso,2k,seq,virtuoso-2k-seq.seq,7,0,128.30,2.83
virtuoso,30k,seq,virtuoso-30k-seq.seq,7,0,143.00,2.93
virtuoso,3k,seq,virtuoso-3k-seq.seq,7,0,185.60,4.78
virtuoso,500,seq,virtuoso-500k-seq.seq,7,0,29.60,4.18
virtuoso,5k,seq,virtuoso-5k-seq.seq,7,0,296.10,3.30
virtuoso,10k,seq,virtuoso-10k-seq.seq,8,0,23.90,23.60
virtuoso,1k,seq,virtuoso-1k-seq.seq,8,0,19.40,19.26
virtuoso,2k,seq,virtuoso-2k-seq.seq,8,0,17.90,10.95
virtuoso,30k,seq,virtuoso-30k-seq.seq,8,0,19.90,19.77
virtuoso,3k,seq,virtuoso-3k-seq.seq,8,0,24.50,25.55
virtuoso,500,seq,virtuoso-500k-seq.seq,8,0,23.30,25.95
virtuoso,5k,seq,virtuoso-5k-seq.seq,8,0,20.50,19.31
virtuoso,10k,seq,virtuoso-10k-seq.seq,9,0,566.50,5.90
virtuoso,1k,seq,virtuoso-1k-seq.seq,9,0,25.40,2.46
virtuoso,2k,seq,virtuoso-2k-seq.seq,9,0,130.20,2.23
virtuoso,30k,seq,virtuoso-30k-seq.seq,9,0,22.80,5.33
virtuoso,3k,seq,virtuoso-3k-seq.seq,9,0,189.20,5.60
virtuoso,500,seq,virtuoso-500k-seq.seq,9,0,968.40,7.58
virtuoso,5k,seq,virtuoso-5k-seq.seq,9,0,294.50,3.98
blazegraph,10k,sop,blazegraph-10k-sop.sop,1,0,175.50,91.18
blazegraph,1k,sop,blazegraph-1k-sop.sop,1,0,53.70,8.78
blazegraph,2k,sop,blazegraph-2k-sop.sop,1,0,52.30,5.20
blazegraph,3k,sop,blazegraph-3k-sop.sop,1,0,58.70,5.97
blazegraph,500,sop,blazegraph-500k-sop.sop,1,0,37.40,6.65
blazegraph,5k,sop,blazegraph-5k-sop.sop,1,0,79.10,18.46
blazegraph,1k,sop,blazegraph-1k-sop.sop,2,0,12492.40,348.94
blazegraph,2k,sop,blazegraph-2k-sop.sop,2,0,32941.00,267.88
blazegraph,3k,sop,blazegraph-3k-sop.sop,2,0,62560.20,504.48
blazegraph,500,sop,blazegraph-500k-sop.sop,2,0,2213.80,158.02
blazegraph,5k,sop,blazegraph-5k-sop.sop,2,0,133663.50,1350.19
blazegraph,1k,sop,blazegraph-1k-sop.sop,3,0,12042.00,427.75
blazegraph,2k,sop,blazegraph-2k-sop.sop,3,0,32384.50,285.10
blazegraph,3k,sop,blazegraph-3k-sop.sop,3,0,61278.70,633.16
blazegraph,500,sop,blazegraph-500k-sop.sop,3,0,2103.90,53.07
blazegraph,5k,sop,blazegraph-5k-sop.sop,3,0,130310.50,1325.91
blazegraph,1k,sop,blazegraph-1k-sop.sop,4,0,9010.00,233.96
blazegraph,2k,sop,blazegraph-2k-sop.sop,4,0,34912.50,589.06
blazegraph,3k,sop,blazegraph-3k-sop.sop,4,0,65806.60,582.10
blazegraph,500,sop,blazegraph-500k-sop.sop,4,0,2086.50,69.52
blazegraph,5k,sop,blazegraph-5k-sop.sop,4,0,135775.30,1519.97
blazegraph,10k,sop,blazegraph-10k-sop.sop,5,0,135.60,30.88
blazegraph,1k,sop,blazegraph-1k-sop.sop,5,0,50.50,13.87
blazegraph,2k,sop,blazegraph-2k-sop.sop,5,0,54.40,7.53
blazegraph,3k,sop,blazegraph-3k-sop.sop,5,0,59.70,10.19
blazegraph,500,sop,blazegraph-500k-sop.sop,5,0,34.80,4.75
blazegraph,5k,sop,blazegraph-5k-sop.sop,5,0,96.10,56.00
blazegraph,10k,sop,blazegraph-10k-sop.sop,6,0,98.20,11.85
blazegraph,1k,sop,blazegraph-1k-sop.sop,6,0,53.40,8.45
blazegraph,2k,sop,blazegraph-2k-sop.sop,6,0,69.40,43.72
blazegraph,3k,sop,blazegraph-3k-sop.sop,6,0,73.90,52.20
blazegraph,500,sop,blazegraph-500k-sop.sop,6,0,32.90,5.19
blazegraph,5k,sop,blazegraph-5k-sop.sop,6,0,71.00,9.94
blazegraph,10k,sop,blazegraph-10k-sop.sop,7,0,95.80,7.05
blazegraph,1k,sop,blazegraph-1k-sop.sop,7,0,45.90,6.55
blazegraph,2k,sop,blazegraph-2k-sop.sop,7,0,52.90,5.94
blazegraph,3k,sop,blazegraph-3k-sop.sop,7,0,55.60,6.81
blazegraph,500,sop,blazegraph-500k-sop.sop,7,0,34.50,4.43
blazegraph,5k,sop,blazegraph-5k-sop.sop,7,0,74.00,7.44
blazegraph,10k,sop,blazegraph-10k-sop.sop,8,10,-2.00,0.00
blazegraph,1k,sop,blazegraph-1k-sop.sop,8,0,17533.20,305.76
blazegraph,2k,sop,blazegraph-2k-sop.sop,8,0,43421.40,12372.25
blazegraph,3k,sop,blazegraph-3k-sop.sop,8,0,92375.12,24231.35
blazegraph,500,sop,blazegraph-500k-sop.sop,8,0,28700.20,12423.28
blazegraph,5k,sop,blazegraph-5k-sop.sop,8,0,281717.12,37239.17
blazegraph,1k,sop,blazegraph-1k-sop.sop,9,0,17452.20,175.29
blazegraph,2k,sop,blazegraph-2k-sop.sop,9,0,43268.30,1981.05
blazegraph,3k,sop,blazegraph-3k-sop.sop,9,0,89654.65,2376.13
blazegraph,500,sop,blazegraph-500k-sop.sop,9,0,3231.30,260.04
blazegraph,5k,sop,blazegraph-5k-sop.sop,9,0,212340.25,432.29
fuseki,10k,sop,fuseki-10k-sop.sop,1,0,116.80,12.19
fuseki,1k,sop,fuseki-1k-sop.sop,1,0,26.50,2.87
fuseki,2k,sop,fuseki-2k-sop.sop,1,0,37.20,4.35
fuseki,30k,sop,fuseki-30k-sop.sop,1,0,307.20,35.54
fuseki,3k,sop,fuseki-3k-sop.sop,1,0,47.10,3.94
fuseki,500,sop,fuseki-500k-sop.sop,1,0,22.20,3.57
fuseki,5k,sop,fuseki-5k-sop.sop,1,0,65.70,5.59
fuseki,10k,sop,fuseki-10k-sop.sop,2,10,-2.00,E
fuseki,1k,sop,fuseki-1k-sop.sop,2,0,3822.30,17.14
fuseki,2k,sop,fuseki-2k-sop.sop,2,0,15129.20,137.01
fuseki,30k,sop,fuseki-30k-sop.sop,2,10,-2.00,E
fuseki,3k,sop,fuseki-3k-sop.sop,2,0,35024.90,256.93
fuseki,500,sop,fuseki-500k-sop.sop,2,0,925.10,17.22
fuseki,5k,sop,fuseki-5k-sop.sop,2,0,97671.10,910.37
fuseki,10k,sop,fuseki-10k-sop.sop,3,10,-2.00,E
fuseki,1k,sop,fuseki-1k-sop.sop,3,0,3821.40,7.93
fuseki,2k,sop,fuseki-2k-sop.sop,3,0,15173.90,113.60
fuseki,30k,sop,fuseki-30k-sop.sop,3,10,-2.00,E
fuseki,3k,sop,fuseki-3k-sop.sop,3,0,34814.20,185.32
fuseki,500,sop,fuseki-500k-sop.sop,3,0,927.70,9.35
fuseki,5k,sop,fuseki-5k-sop.sop,3,0,98412.60,1683.86
fuseki,10k,sop,fuseki-10k-sop.sop,4,10,-2.00,E
fuseki,1k,sop,fuseki-1k-sop.sop,4,0,3784.60,22.09
fuseki,2k,sop,fuseki-2k-sop.sop,4,0,14966.80,133.78
fuseki,30k,sop,fuseki-30k-sop.sop,4,10,-2.00,E
fuseki,3k,sop,fuseki-3k-sop.sop,4,0,34206.80,168.30
fuseki,500,sop,fuseki-500k-sop.sop,4,0,923.50,8.74
fuseki,5k,sop,fuseki-5k-sop.sop,4,0,98235.20,858.26
fuseki,10k,sop,fuseki-10k-sop.sop,5,0,69.30,5.39
fuseki,1k,sop,fuseki-1k-sop.sop,5,0,26.80,6.21
fuseki,2k,sop,fuseki-2k-sop.sop,5,0,30.60,3.61
fuseki,30k,sop,fuseki-30k-sop.sop,5,0,161.60,3.32
fuseki,3k,sop,fuseki-3k-sop.sop,5,0,36.30,6.25
fuseki,500,sop,fuseki-500k-sop.sop,5,0,25.80,8.45
fuseki,5k,sop,fuseki-5k-sop.sop,5,0,43.30,5.18
fuseki,10k,sop,fuseki-10k-sop.sop,6,0,69.90,5.36
fuseki,1k,sop,fuseki-1k-sop.sop,6,0,27.20,7.40
fuseki,2k,sop,fuseki-2k-sop.sop,6,0,31.90,6.69
fuseki,30k,sop,fuseki-30k-sop.sop,6,0,165.70,6.40
fuseki,3k,sop,fuseki-3k-sop.sop,6,0,49.10,35.15
fuseki,500,sop,fuseki-500k-sop.sop,6,0,23.00,5.33
fuseki,5k,sop,fuseki-5k-sop.sop,6,0,45.80,6.72
fuseki,10k,sop,fuseki-10k-sop.sop,7,0,120.80,60.50
fuseki,1k,sop,fuseki-1k-sop.sop,7,0,31.00,3.00
fuseki,2k,sop,fuseki-2k-sop.sop,7,0,36.30,2.61
fuseki,30k,sop,fuseki-30k-sop.sop,7,0,272.40,4.74
fuseki,3k,sop,fuseki-3k-sop.sop,7,0,46.10,4.78
fuseki,500,sop,fuseki-500k-sop.sop,7,0,25.30,4.17
fuseki,5k,sop,fuseki-5k-sop.sop,7,0,61.90,4.28
fuseki,10k,sop,fuseki-10k-sop.sop,8,10,-2.00,E
fuseki,1k,sop,fuseki-1k-sop.sop,8,0,2778.30,22.84
fuseki,2k,sop,fuseki-2k-sop.sop,8,0,11091.80,82.84
fuseki,30k,sop,fuseki-30k-sop.sop,8,10,-2.00,E
fuseki,3k,sop,fuseki-3k-sop.sop,8,0,25874.30,257.68
fuseki,500,sop,fuseki-500k-sop.sop,8,0,739.90,38.62
fuseki,5k,sop,fuseki-5k-sop.sop,8,0,72732.90,642.09
fuseki,10k,sop,fuseki-10k-sop.sop,9,10,-2.00,E
fuseki,1k,sop,fuseki-1k-sop.sop,9,0,2757.60,30.28
fuseki,2k,sop,fuseki-2k-sop.sop,9,0,11410.30,105.16
fuseki,30k,sop,fuseki-30k-sop.sop,9,10,-2.00,E
fuseki,3k,sop,fuseki-3k-sop.sop,9,0,25974.00,167.83
fuseki,500,sop,fuseki-500k-sop.sop,9,0,716.00,10.59
fuseki,5k,sop,fuseki-5k-sop.sop,9,0,72920.80,242.46
fuseki_hdt,1k,sop,fuseki_hdt-1k-sop.sop,1,10,-2.00,E
fuseki_hdt,1k,sop,fuseki_hdt-1k-sop.sop,2,10,-2.00,E
fuseki_hdt,1k,sop,fuseki_hdt-1k-sop.sop,3,10,-2.00,E
fuseki_hdt,1k,sop,fuseki_hdt-1k-sop.sop,4,10,-2.00,E
fuseki_hdt,1k,sop,fuseki_hdt-1k-sop.sop,5,10,-2.00,E
fuseki_hdt,1k,sop,fuseki_hdt-1k-sop.sop,6,10,-2.00,E
fuseki_hdt,1k,sop,fuseki_hdt-1k-sop.sop,7,10,-2.00,E
fuseki_hdt,1k,sop,fuseki_hdt-1k-sop.sop,8,10,-2.00,E
fuseki_hdt,1k,sop,fuseki_hdt-1k-sop.sop,9,10,-2.00,E
fuseki_mem,10k,sop,fuseki_mem-10k-sop.sop,1,0,103.60,3.20
fuseki_mem,1k,sop,fuseki_mem-1k-sop.sop,1,0,29.60,4.36
fuseki_mem,2k,sop,fuseki_mem-2k-sop.sop,1,0,32.60,7.86
fuseki_mem,3k,sop,fuseki_mem-3k-sop.sop,1,0,39.00,0.89
fuseki_mem,500,sop,fuseki_mem-500k-sop.sop,1,0,20.80,2.64
fuseki_mem,5k,sop,fuseki_mem-5k-sop.sop,1,0,62.10,3.83
fuseki_mem,10k,sop,fuseki_mem-10k-sop.sop,2,10,-2.00,E
fuseki_mem,1k,sop,fuseki_mem-1k-sop.sop,2,0,25283.30,9114.14
fuseki_mem,2k,sop,fuseki_mem-2k-sop.sop,2,0,14139.80,124.28
fuseki_mem,3k,sop,fuseki_mem-3k-sop.sop,2,0,33207.20,327.71
fuseki_mem,500,sop,fuseki_mem-500k-sop.sop,2,0,908.30,16.81
fuseki_mem,5k,sop,fuseki_mem-5k-sop.sop,2,0,96399.40,2374.66
fuseki_mem,10k,sop,fuseki_mem-10k-sop.sop,3,10,-2.00,E
fuseki_mem,1k,sop,fuseki_mem-1k-sop.sop,3,0,21599.80,2220.32
fuseki_mem,2k,sop,fuseki_mem-2k-sop.sop,3,0,14212.60,100.90
fuseki_mem,3k,sop,fuseki_mem-3k-sop.sop,3,0,33000.00,171.31
fuseki_mem,500,sop,fuseki_mem-500k-sop.sop,3,0,892.90,10.89
fuseki_mem,5k,sop,fuseki_mem-5k-sop.sop,3,0,97940.80,279.88
fuseki_mem,10k,sop,fuseki_mem-10k-sop.sop,4,10,-2.00,E
fuseki_mem,1k,sop,fuseki_mem-1k-sop.sop,4,0,3457.50,24.29
fuseki_mem,2k,sop,fuseki_mem-2k-sop.sop,4,0,14032.00,136.92
fuseki_mem,3k,sop,fuseki_mem-3k-sop.sop,4,0,32710.40,501.36
fuseki_mem,500,sop,fuseki_mem-500k-sop.sop,4,0,900.30,9.61
fuseki_mem,5k,sop,fuseki_mem-5k-sop.sop,4,0,94139.30,2946.45
fuseki_mem,10k,sop,fuseki_mem-10k-sop.sop,5,0,51.80,2.75
fuseki_mem,1k,sop,fuseki_mem-1k-sop.sop,5,0,22.10,3.86
fuseki_mem,2k,sop,fuseki_mem-2k-sop.sop,5,0,19.90,0.94
fuseki_mem,3k,sop,fuseki_mem-3k-sop.sop,5,0,27.60,4.36
fuseki_mem,500,sop,fuseki_mem-500k-sop.sop,5,0,17.20,1.94
fuseki_mem,5k,sop,fuseki_mem-5k-sop.sop,5,0,37.00,6.83
fuseki_mem,10k,sop,fuseki_mem-10k-sop.sop,6,0,50.30,3.03
fuseki_mem,1k,sop,fuseki_mem-1k-sop.sop,6,0,20.40,2.29
fuseki_mem,2k,sop,fuseki_mem-2k-sop.sop,6,0,19.50,0.50
fuseki_mem,3k,sop,fuseki_mem-3k-sop.sop,6,0,26.90,3.42
fuseki_mem,500,sop,fuseki_mem-500k-sop.sop,6,0,16.70,1.55
fuseki_mem,5k,sop,fuseki_mem-5k-sop.sop,6,0,33.80,2.75
fuseki_mem,10k,sop,fuseki_mem-10k-sop.sop,7,0,73.00,2.28
fuseki_mem,1k,sop,fuseki_mem-1k-sop.sop,7,0,23.40,4.98
fuseki_mem,2k,sop,fuseki_mem-2k-sop.sop,7,0,24.30,1.19
fuseki_mem,3k,sop,fuseki_mem-3k-sop.sop,7,0,31.90,5.77
fuseki_mem,500,sop,fuseki_mem-500k-sop.sop,7,0,18.10,1.87
fuseki_mem,5k,sop,fuseki_mem-5k-sop.sop,7,0,44.50,2.91
fuseki_mem,10k,sop,fuseki_mem-10k-sop.sop,8,10,-2.00,E
fuseki_mem,1k,sop,fuseki_mem-1k-sop.sop,8,0,7272.60,4211.67
fuseki_mem,2k,sop,fuseki_mem-2k-sop.sop,8,0,4684.90,48.67
fuseki_mem,3k,sop,fuseki_mem-3k-sop.sop,8,0,10506.40,141.17
fuseki_mem,500,sop,fuseki_mem-500k-sop.sop,8,0,316.70,7.67
fuseki_mem,5k,sop,fuseki_mem-5k-sop.sop,8,0,31507.70,256.77
fuseki_mem,10k,sop,fuseki_mem-10k-sop.sop,9,10,-2.00,E
fuseki_mem,1k,sop,fuseki_mem-1k-sop.sop,9,0,10209.30,5416.25
fuseki_mem,2k,sop,fuseki_mem-2k-sop.sop,9,0,4563.60,76.44
fuseki_mem,3k,sop,fuseki_mem-3k-sop.sop,9,0,10471.20,101.59
fuseki_mem,500,sop,fuseki_mem-500k-sop.sop,9,0,310.10,5.84
fuseki_mem,5k,sop,fuseki_mem-5k-sop.sop,9,0,31377.60,272.10
virtuoso,10k,sop,virtuoso-10k-sop.sop,1,0,13.50,0.67
virtuoso,1k,sop,virtuoso-1k-sop.sop,1,0,17.30,11.99
virtuoso,2k,sop,virtuoso-2k-sop.sop,1,0,20.00,11.37
virtuoso,30k,sop,virtuoso-30k-sop.sop,1,0,19.30,3.74
virtuoso,3k,sop,virtuoso-3k-sop.sop,1,0,14.60,2.37
virtuoso,500,sop,virtuoso-500k-sop.sop,1,0,15.20,2.56
virtuoso,5k,sop,virtuoso-5k-sop.sop,1,0,18.10,10.85
virtuoso,10k,sop,virtuoso-10k-sop.sop,2,10,-2.00,E
virtuoso,1k,sop,virtuoso-1k-sop.sop,2,0,16788.60,333.00
virtuoso,2k,sop,virtuoso-2k-sop.sop,2,0,146970.80,600.58
virtuoso,30k,sop,virtuoso-30k-sop.sop,2,10,-2.00,E
virtuoso,3k,sop,virtuoso-3k-sop.sop,2,10,-2.00,E
virtuoso,500,sop,virtuoso-500k-sop.sop,2,0,803.60,12.15
virtuoso,5k,sop,virtuoso-5k-sop.sop,2,10,-2.00,E
virtuoso,10k,sop,virtuoso-10k-sop.sop,3,10,-2.00,E
virtuoso,1k,sop,virtuoso-1k-sop.sop,3,0,16586.00,431.67
virtuoso,2k,sop,virtuoso-2k-sop.sop,3,0,146744.10,922.96
virtuoso,30k,sop,virtuoso-30k-sop.sop,3,10,-2.00,E
virtuoso,3k,sop,virtuoso-3k-sop.sop,3,10,-2.00,E
virtuoso,500,sop,virtuoso-500k-sop.sop,3,0,852.70,10.83
virtuoso,5k,sop,virtuoso-5k-sop.sop,3,10,-2.00,E
virtuoso,10k,sop,virtuoso-10k-sop.sop,4,10,-2.00,E
virtuoso,1k,sop,virtuoso-1k-sop.sop,4,0,17612.40,823.09
virtuoso,2k,sop,virtuoso-2k-sop.sop,4,0,147105.20,524.08
virtuoso,30k,sop,virtuoso-30k-sop.sop,4,10,-2.00,E
virtuoso,3k,sop,virtuoso-3k-sop.sop,4,10,-2.00,E
virtuoso,500,sop,virtuoso-500k-sop.sop,4,0,849.20,11.30
virtuoso,5k,sop,virtuoso-5k-sop.sop,4,10,-2.00,E
virtuoso,10k,sop,virtuoso-10k-sop.sop,5,0,227.70,15.49
virtuoso,1k,sop,virtuoso-1k-sop.sop,5,0,19.70,7.00
virtuoso,2k,sop,virtuoso-2k-sop.sop,5,0,27.90,9.88
virtuoso,30k,sop,virtuoso-30k-sop.sop,5,0,1027.00,106.89
virtuoso,3k,sop,virtuoso-3k-sop.sop,5,0,30.80,9.14
virtuoso,500,sop,virtuoso-500k-sop.sop,5,0,21.20,15.23
virtuoso,5k,sop,virtuoso-5k-sop.sop,5,0,61.50,10.52
virtuoso,10k,sop,virtuoso-10k-sop.sop,6,0,201.60,35.22
virtuoso,1k,sop,virtuoso-1k-sop.sop,6,0,16.10,2.55
virtuoso,2k,sop,virtuoso-2k-sop.sop,6,0,25.80,3.87
virtuoso,30k,sop,virtuoso-30k-sop.sop,6,0,1061.00,114.51
virtuoso,3k,sop,virtuoso-3k-sop.sop,6,0,35.10,5.11
virtuoso,500,sop,virtuoso-500k-sop.sop,6,0,18.00,1.95
virtuoso,5k,sop,virtuoso-5k-sop.sop,6,0,40.30,8.22
virtuoso,10k,sop,virtuoso-10k-sop.sop,7,0,406.20,18.12
virtuoso,1k,sop,virtuoso-1k-sop.sop,7,0,22.30,10.18
virtuoso,2k,sop,virtuoso-2k-sop.sop,7,0,48.80,52.94
virtuoso,30k,sop,virtuoso-30k-sop.sop,7,0,1873.30,237.36
virtuoso,3k,sop,virtuoso-3k-sop.sop,7,0,44.40,2.29
virtuoso,500,sop,virtuoso-500k-sop.sop,7,0,18.20,3.82
virtuoso,5k,sop,virtuoso-5k-sop.sop,7,0,88.50,15.60
virtuoso,10k,sop,virtuoso-10k-sop.sop,8,10,-2.00,E
virtuoso,1k,sop,virtuoso-1k-sop.sop,8,0,16397.50,838.78
virtuoso,2k,sop,virtuoso-2k-sop.sop,8,0,147289.90,668.15
virtuoso,30k,sop,virtuoso-30k-sop.sop,8,10,-2.00,E
virtuoso,3k,sop,virtuoso-3k-sop.sop,8,10,-2.00,E
virtuoso,500,sop,virtuoso-500k-sop.sop,8,0,812.20,10.46
virtuoso,5k,sop,virtuoso-5k-sop.sop,8,10,-2.00,E
virtuoso,10k,sop,virtuoso-10k-sop.sop,9,10,-2.00,E
virtuoso,1k,sop,virtuoso-1k-sop.sop,9,0,15993.20,352.98
virtuoso,2k,sop,virtuoso-2k-sop.sop,9,0,146233.10,1218.68
virtuoso,30k,sop,virtuoso-30k-sop.sop,9,10,-2.00,E
virtuoso,3k,sop,virtuoso-3k-sop.sop,9,10,-2.00,E
virtuoso,500,sop,virtuoso-500k-sop.sop,9,0,796.90,20.91
virtuoso,5k,sop,virtuoso-5k-sop.sop,9,10,-2.00,E
blazegraph,10k,uri,blazegraph-10k-uri.uri,1,0,139.10,36.63
blazegraph,1k,uri,blazegraph-1k-uri.uri,1,0,56.60,20.79
blazegraph,2k,uri,blazegraph-2k-uri.uri,1,0,62.30,17.91
blazegraph,3k,uri,blazegraph-3k-uri.uri,1,0,46.20,7.86
blazegraph,500,uri,blazegraph-500k-uri.uri,1,0,65.90,18.59
blazegraph,5k,uri,blazegraph-5k-uri.uri,1,0,84.30,28.33
blazegraph,10k,uri,blazegraph-10k-uri.uri,2,10,164.8,E
blazegraph,1k,uri,blazegraph-1k-uri.uri,2,0,50.00,10.20
blazegraph,2k,uri,blazegraph-2k-uri.uri,2,0,51.10,7.24
blazegraph,3k,uri,blazegraph-3k-uri.uri,2,0,50.30,5.85
blazegraph,500,uri,blazegraph-500k-uri.uri,2,0,51.50,9.30
blazegraph,5k,uri,blazegraph-5k-uri.uri,2,0,72.10,3.08
blazegraph,10k,uri,blazegraph-10k-uri.uri,3,0,235.77,12.33
blazegraph,1k,uri,blazegraph-1k-uri.uri,3,0,48.70,6.28
blazegraph,2k,uri,blazegraph-2k-uri.uri,3,0,60.40,5.14
blazegraph,3k,uri,blazegraph-3k-uri.uri,3,0,66.70,7.35
blazegraph,500,uri,blazegraph-500k-uri.uri,3,0,55.90,9.76
blazegraph,5k,uri,blazegraph-5k-uri.uri,3,0,96.20,12.42
blazegraph,10k,uri,blazegraph-10k-uri.uri,4,0,245.20,21.65
blazegraph,1k,uri,blazegraph-1k-uri.uri,4,0,72.80,6.62
blazegraph,2k,uri,blazegraph-2k-uri.uri,4,0,85.60,6.20
blazegraph,3k,uri,blazegraph-3k-uri.uri,4,0,109.10,12.04
blazegraph,500,uri,blazegraph-500k-uri.uri,4,0,78.80,24.75
blazegraph,5k,uri,blazegraph-5k-uri.uri,4,0,138.60,9.57
blazegraph,10k,uri,blazegraph-10k-uri.uri,5,0,105.10,8.94
blazegraph,1k,uri,blazegraph-1k-uri.uri,5,0,63.80,7.70
blazegraph,2k,uri,blazegraph-2k-uri.uri,5,0,62.70,6.34
blazegraph,3k,uri,blazegraph-3k-uri.uri,5,0,60.70,7.13
blazegraph,500,uri,blazegraph-500k-uri.uri,5,0,92.00,42.11
blazegraph,5k,uri,blazegraph-5k-uri.uri,5,0,75.00,10.59
blazegraph,10k,uri,blazegraph-10k-uri.uri,6,0,9314.10,833.75
blazegraph,1k,uri,blazegraph-1k-uri.uri,6,0,1008.30,274.10
blazegraph,2k,uri,blazegraph-2k-uri.uri,6,0,1862.90,364.18
blazegraph,3k,uri,blazegraph-3k-uri.uri,6,0,2649.20,136.89
blazegraph,500,uri,blazegraph-500k-uri.uri,6,0,602.10,294.37
blazegraph,5k,uri,blazegraph-5k-uri.uri,6,0,4823.90,414.05
blazegraph,10k,uri,blazegraph-10k-uri.uri,7,10,-2.00,E
blazegraph,1k,uri,blazegraph-1k-uri.uri,7,0,9355.10,1440.89
blazegraph,2k,uri,blazegraph-2k-uri.uri,7,0,39383.70,5796.62
blazegraph,3k,uri,blazegraph-3k-uri.uri,7,0,83051.90,20307.95
blazegraph,500,uri,blazegraph-500k-uri.uri,7,0,70664.10,19578.55
blazegraph,5k,uri,blazegraph-5k-uri.uri,7,0,185348.00,20346.00
blazegraph,10k,uri,blazegraph-10k-uri.uri,8,0,136.20,23.22
blazegraph,1k,uri,blazegraph-1k-uri.uri,8,0,59.80,10.91
blazegraph,2k,uri,blazegraph-2k-uri.uri,8,0,70.20,9.90
blazegraph,3k,uri,blazegraph-3k-uri.uri,8,0,63.60,7.71
blazegraph,500,uri,blazegraph-500k-uri.uri,8,0,57.70,5.44
blazegraph,5k,uri,blazegraph-5k-uri.uri,8,0,79.20,6.54
blazegraph,10k,uri,blazegraph-10k-uri.uri,9,10,-2.00,E
blazegraph,1k,uri,blazegraph-1k-uri.uri,9,0,41.60,8.88
blazegraph,2k,uri,blazegraph-2k-uri.uri,9,0,19298.90,229.08
blazegraph,3k,uri,blazegraph-3k-uri.uri,9,0,19969.20,343.96
blazegraph,500,uri,blazegraph-500k-uri.uri,9,0,143.20,8.94
blazegraph,5k,uri,blazegraph-5k-uri.uri,9,0,77279.10,540.91
fuseki,10k,uri,fuseki-10k-uri.uri,1,0,60.70,15.71
fuseki,1k,uri,fuseki-1k-uri.uri,1,0,27.80,7.30
fuseki,2k,uri,fuseki-2k-uri.uri,1,0,22.80,2.89
fuseki,30k,uri,fuseki-30k-uri.uri,1,0,134.80,37.53
fuseki,3k,uri,fuseki-3k-uri.uri,1,0,31.40,5.59
fuseki,500,uri,fuseki-500k-uri.uri,1,0,33.70,29.72
fuseki,5k,uri,fuseki-5k-uri.uri,1,0,39.40,8.99
fuseki,10k,uri,fuseki-10k-uri.uri,2,0,56.00,5.62
fuseki,1k,uri,fuseki-1k-uri.uri,2,0,20.50,1.28
fuseki,2k,uri,fuseki-2k-uri.uri,2,0,23.20,2.96
fuseki,30k,uri,fuseki-30k-uri.uri,2,0,121.30,5.35
fuseki,3k,uri,fuseki-3k-uri.uri,2,0,31.30,5.06
fuseki,500,uri,fuseki-500k-uri.uri,2,0,20.10,0.70
fuseki,5k,uri,fuseki-5k-uri.uri,2,0,36.60,4.39
fuseki,10k,uri,fuseki-10k-uri.uri,3,0,110.60,4.22
fuseki,1k,uri,fuseki-1k-uri.uri,3,0,33.30,4.67
fuseki,2k,uri,fuseki-2k-uri.uri,3,0,33.70,2.45
fuseki,30k,uri,fuseki-30k-uri.uri,3,0,332.30,7.24
fuseki,3k,uri,fuseki-3k-uri.uri,3,0,47.90,4.68
fuseki,500,uri,fuseki-500k-uri.uri,3,0,27.20,4.89
fuseki,5k,uri,fuseki-5k-uri.uri,3,0,64.10,4.64
fuseki,10k,uri,fuseki-10k-uri.uri,4,0,161.00,5.16
fuseki,1k,uri,fuseki-1k-uri.uri,4,0,36.90,4.11
fuseki,2k,uri,fuseki-2k-uri.uri,4,0,46.10,2.59
fuseki,30k,uri,fuseki-30k-uri.uri,4,0,490.40,8.31
fuseki,3k,uri,fuseki-3k-uri.uri,4,0,62.20,3.74
fuseki,500,uri,fuseki-500k-uri.uri,4,0,31.40,9.29
fuseki,5k,uri,fuseki-5k-uri.uri,4,0,90.80,4.49
fuseki,10k,uri,fuseki-10k-uri.uri,5,0,93.40,3.41
fuseki,1k,uri,fuseki-1k-uri.uri,5,0,30.10,4.81
fuseki,2k,uri,fuseki-2k-uri.uri,5,0,34.80,3.06
fuseki,30k,uri,fuseki-30k-uri.uri,5,0,252.60,11.38
fuseki,3k,uri,fuseki-3k-uri.uri,5,0,43.50,3.14
fuseki,500,uri,fuseki-500k-uri.uri,5,0,29.80,12.11
fuseki,5k,uri,fuseki-5k-uri.uri,5,0,56.30,4.65
fuseki,10k,uri,fuseki-10k-uri.uri,6,0,267.00,744.67
fuseki,1k,uri,fuseki-1k-uri.uri,6,0,60.20,112.97
fuseki,2k,uri,fuseki-2k-uri.uri,6,0,76.30,168.61
fuseki,30k,uri,fuseki-30k-uri.uri,6,0,1108.90,3269.37
fuseki,3k,uri,fuseki-3k-uri.uri,6,0,104.70,253.80
fuseki,500,uri,fuseki-500k-uri.uri,6,0,40.40,47.81
fuseki,5k,uri,fuseki-5k-uri.uri,6,0,151.30,394.91
fuseki,10k,uri,fuseki-10k-uri.uri,7,0,16026.00,3736.01
fuseki,1k,uri,fuseki-1k-uri.uri,7,0,2005.70,238.71
fuseki,2k,uri,fuseki-2k-uri.uri,7,0,4137.60,561.35
fuseki,30k,uri,fuseki-30k-uri.uri,7,10,-2.00,E
fuseki,3k,uri,fuseki-3k-uri.uri,7,0,7623.80,10.65
fuseki,500,uri,fuseki-500k-uri.uri,7,0,4059.20,1033.28
fuseki,5k,uri,fuseki-5k-uri.uri,7,0,11055.40,1558.11
fuseki,10k,uri,fuseki-10k-uri.uri,8,0,18.90,3.24
fuseki,1k,uri,fuseki-1k-uri.uri,8,0,21.90,3.56
fuseki,2k,uri,fuseki-2k-uri.uri,8,0,19.30,3.41
fuseki,30k,uri,fuseki-30k-uri.uri,8,0,20.10,4.18
fuseki,3k,uri,fuseki-3k-uri.uri,8,0,19.00,3.61
fuseki,500,uri,fuseki-500k-uri.uri,8,0,19.90,1.22
fuseki,5k,uri,fuseki-5k-uri.uri,8,0,21.00,5.06
fuseki,10k,uri,fuseki-10k-uri.uri,9,0,8883.90,114.84
fuseki,1k,uri,fuseki-1k-uri.uri,9,0,1039.80,17.42
fuseki,2k,uri,fuseki-2k-uri.uri,9,0,2302.70,20.48
fuseki,30k,uri,fuseki-30k-uri.uri,9,10,-2.00,E
fuseki,3k,uri,fuseki-3k-uri.uri,9,10,2453.30,20.41
fuseki,500,uri,fuseki-500k-uri.uri,9,0,3195.00,231.12
fuseki,5k,uri,fuseki-5k-uri.uri,9,0,4322.40,36.05
fuseki_hdt,1k,uri,fuseki_hdt-1k-uri.uri,1,10,-2.00,E
fuseki_hdt,1k,uri,fuseki_hdt-1k-uri.uri,2,10,-2.00,E
fuseki_hdt,1k,uri,fuseki_hdt-1k-uri.uri,3,10,-2.00,E
fuseki_hdt,1k,uri,fuseki_hdt-1k-uri.uri,4,10,-2.00,E
fuseki_hdt,1k,uri,fuseki_hdt-1k-uri.uri,5,10,-2.00,E
fuseki_hdt,1k,uri,fuseki_hdt-1k-uri.uri,6,10,-2.00,E
fuseki_hdt,1k,uri,fuseki_hdt-1k-uri.uri,7,10,-2.00,E
fuseki_hdt,1k,uri,fuseki_hdt-1k-uri.uri,8,10,-2.00,E
fuseki_hdt,1k,uri,fuseki_hdt-1k-uri.uri,9,10,-2.00,E
fuseki_mem,10k,uri,fuseki_mem-10k-uri.uri,1,0,43.00,4.90
fuseki_mem,1k,uri,fuseki_mem-1k-uri.uri,1,0,24.60,5.55
fuseki_mem,2k,uri,fuseki_mem-2k-uri.uri,1,0,20.90,3.24
fuseki_mem,3k,uri,fuseki_mem-3k-uri.uri,1,0,24.20,3.19
fuseki_mem,500,uri,fuseki_mem-500k-uri.uri,1,0,22.90,4.28
fuseki_mem,5k,uri,fuseki_mem-5k-uri.uri,1,0,32.00,4.69
fuseki_mem,10k,uri,fuseki_mem-10k-uri.uri,2,0,43.10,4.44
fuseki_mem,1k,uri,fuseki_mem-1k-uri.uri,2,0,22.30,4.03
fuseki_mem,2k,uri,fuseki_mem-2k-uri.uri,2,0,24.40,4.45
fuseki_mem,3k,uri,fuseki_mem-3k-uri.uri,2,0,20.90,1.04
fuseki_mem,500,uri,fuseki_mem-500k-uri.uri,2,0,20.40,3.04
fuseki_mem,5k,uri,fuseki_mem-5k-uri.uri,2,0,28.40,4.61
fuseki_mem,10k,uri,fuseki_mem-10k-uri.uri,3,0,200.30,6.02
fuseki_mem,1k,uri,fuseki_mem-1k-uri.uri,3,0,34.70,3.29
fuseki_mem,2k,uri,fuseki_mem-2k-uri.uri,3,0,49.00,3.66
fuseki_mem,3k,uri,fuseki_mem-3k-uri.uri,3,0,61.10,0.54
fuseki_mem,500,uri,fuseki_mem-500k-uri.uri,3,0,26.10,3.65
fuseki_mem,5k,uri,fuseki_mem-5k-uri.uri,3,0,101.70,3.58
fuseki_mem,10k,uri,fuseki_mem-10k-uri.uri,4,0,248.20,3.97
fuseki_mem,1k,uri,fuseki_mem-1k-uri.uri,4,0,46.70,18.87
fuseki_mem,2k,uri,fuseki_mem-2k-uri.uri,4,0,55.50,4.76
fuseki_mem,3k,uri,fuseki_mem-3k-uri.uri,4,0,77.40,2.33
fuseki_mem,500,uri,fuseki_mem-500k-uri.uri,4,0,29.10,5.01
fuseki_mem,5k,uri,fuseki_mem-5k-uri.uri,4,0,123.90,4.48
fuseki_mem,10k,uri,fuseki_mem-10k-uri.uri,5,0,43.80,3.84
fuseki_mem,1k,uri,fuseki_mem-1k-uri.uri,5,0,25.40,4.25
fuseki_mem,2k,uri,fuseki_mem-2k-uri.uri,5,0,22.00,3.22
fuseki_mem,3k,uri,fuseki_mem-3k-uri.uri,5,0,22.20,0.87
fuseki_mem,500,uri,fuseki_mem-500k-uri.uri,5,0,18.80,2.32
fuseki_mem,5k,uri,fuseki_mem-5k-uri.uri,5,0,35.10,2.81
fuseki_mem,10k,uri,fuseki_mem-10k-uri.uri,6,0,130.40,349.87
fuseki_mem,1k,uri,fuseki_mem-1k-uri.uri,6,0,37.90,49.58
fuseki_mem,2k,uri,fuseki_mem-2k-uri.uri,6,0,39.00,73.34
fuseki_mem,3k,uri,fuseki_mem-3k-uri.uri,6,0,49.60,106.81
fuseki_mem,500,uri,fuseki_mem-500k-uri.uri,6,0,25.00,19.91
fuseki_mem,5k,uri,fuseki_mem-5k-uri.uri,6,0,83.70,203.79
fuseki_mem,10k,uri,fuseki_mem-10k-uri.uri,7,0,9748.00,2359.59
fuseki_mem,1k,uri,fuseki_mem-1k-uri.uri,7,10,2843.23,265.86
fuseki_mem,2k,uri,fuseki_mem-2k-uri.uri,7,0,2427.90,312.51
fuseki_mem,3k,uri,fuseki_mem-3k-uri.uri,7,0,3420.70,704.85
fuseki_mem,500,uri,fuseki_mem-500k-uri.uri,7,0,2630.00,935.55
fuseki_mem,5k,uri,fuseki_mem-5k-uri.uri,7,0,6760.00,977.28
fuseki_mem,10k,uri,fuseki_mem-10k-uri.uri,8,0,15.70,2.05
fuseki_mem,1k,uri,fuseki_mem-1k-uri.uri,8,0,21.00,4.10
fuseki_mem,2k,uri,fuseki_mem-2k-uri.uri,8,0,15.50,1.69
fuseki_mem,3k,uri,fuseki_mem-3k-uri.uri,8,0,14.10,1.04
fuseki_mem,500,uri,fuseki_mem-500k-uri.uri,8,0,20.10,4.21
fuseki_mem,5k,uri,fuseki_mem-5k-uri.uri,8,0,17.60,3.26
fuseki_mem,10k,uri,fuseki_mem-10k-uri.uri,9,0,4325.21,65.89
fuseki_mem,1k,uri,fuseki_mem-1k-uri.uri,9,0,1245.40,54.34
fuseki_mem,2k,uri,fuseki_mem-2k-uri.uri,9,0,1408.40,43.72
fuseki_mem,3k,uri,fuseki_mem-3k-uri.uri,9,0,1352.00,11.68
fuseki_mem,500,uri,fuseki_mem-500k-uri.uri,9,0,2006.40,41.24
fuseki_mem,5k,uri,fuseki_mem-5k-uri.uri,9,0,2646.20,30.63
virtuoso,10k,uri,virtuoso-10k-uri.uri,1,0,20.80,4.04
virtuoso,1k,uri,virtuoso-1k-uri.uri,1,0,28.40,29.46
virtuoso,2k,uri,virtuoso-2k-uri.uri,1,0,21.60,4.74
virtuoso,30k,uri,virtuoso-30k-uri.uri,1,0,23.20,3.54
virtuoso,3k,uri,virtuoso-3k-uri.uri,1,0,19.20,3.37
virtuoso,500,uri,virtuoso-500k-uri.uri,1,0,15.30,2.15
virtuoso,5k,uri,virtuoso-5k-uri.uri,1,0,29.10,24.43
virtuoso,10k,uri,virtuoso-10k-uri.uri,2,0,44.90,2.95
virtuoso,1k,uri,virtuoso-1k-uri.uri,2,0,21.40,5.94
virtuoso,2k,uri,virtuoso-2k-uri.uri,2,0,26.10,4.57
virtuoso,30k,uri,virtuoso-30k-uri.uri,2,0,62.80,5.13
virtuoso,3k,uri,virtuoso-3k-uri.uri,2,0,25.70,2.24
virtuoso,500,uri,virtuoso-500k-uri.uri,2,0,14.30,0.78
virtuoso,5k,uri,virtuoso-5k-uri.uri,2,0,32.80,4.51
virtuoso,10k,uri,virtuoso-10k-uri.uri,3,0,179.20,20.40
virtuoso,1k,uri,virtuoso-1k-uri.uri,3,0,32.40,3.47
virtuoso,2k,uri,virtuoso-2k-uri.uri,3,0,49.80,6.38
virtuoso,30k,uri,virtuoso-30k-uri.uri,3,0,353.50,13.37
virtuoso,3k,uri,virtuoso-3k-uri.uri,3,0,62.90,2.17
virtuoso,500,uri,virtuoso-500k-uri.uri,3,0,23.40,3.20
virtuoso,5k,uri,virtuoso-5k-uri.uri,3,0,97.00,6.00
virtuoso,10k,uri,virtuoso-10k-uri.uri,4,0,234.80,34.15
virtuoso,1k,uri,virtuoso-1k-uri.uri,4,0,76.70,2.41
virtuoso,2k,uri,virtuoso-2k-uri.uri,4,0,60.80,5.44
virtuoso,30k,uri,virtuoso-30k-uri.uri,4,0,484.90,39.41
virtuoso,3k,uri,virtuoso-3k-uri.uri,4,0,85.90,16.70
virtuoso,500,uri,virtuoso-500k-uri.uri,4,0,68.10,3.75
virtuoso,5k,uri,virtuoso-5k-uri.uri,4,0,120.70,7.10
virtuoso,10k,uri,virtuoso-10k-uri.uri,5,0,59.80,5.00
virtuoso,1k,uri,virtuoso-1k-uri.uri,5,0,21.10,2.51
virtuoso,2k,uri,virtuoso-2k-uri.uri,5,0,31.40,5.55
virtuoso,30k,uri,virtuoso-30k-uri.uri,5,0,142.00,3.87
virtuoso,3k,uri,virtuoso-3k-uri.uri,5,0,30.60,4.59
virtuoso,500,uri,virtuoso-500k-uri.uri,5,0,30.10,29.92
virtuoso,5k,uri,virtuoso-5k-uri.uri,5,0,40.90,3.75
virtuoso,10k,uri,virtuoso-10k-uri.uri,6,0,204.90,439.39
virtuoso,1k,uri,virtuoso-1k-uri.uri,6,0,52.90,86.72
virtuoso,2k,uri,virtuoso-2k-uri.uri,6,0,64.80,108.46
virtuoso,30k,uri,virtuoso-30k-uri.uri,6,0,504.00,1375.67
virtuoso,3k,uri,virtuoso-3k-uri.uri,6,0,84.70,162.13
virtuoso,500,uri,virtuoso-500k-uri.uri,6,0,108.50,23.88
virtuoso,5k,uri,virtuoso-5k-uri.uri,6,0,129.00,244.01
virtuoso,10k,uri,virtuoso-10k-uri.uri,7,0,238475.90,28927.73
virtuoso,1k,uri,virtuoso-1k-uri.uri,7,0,20684.80,1618.45
virtuoso,2k,uri,virtuoso-2k-uri.uri,7,0,48958.20,2906.70
virtuoso,30k,uri,virtuoso-30k-uri.uri,7,0,23.40,2.94
virtuoso,3k,uri,virtuoso-3k-uri.uri,7,0,71571.10,9505.13
virtuoso,500,uri,virtuoso-500k-uri.uri,7,0,7604.30,701.40
virtuoso,5k,uri,virtuoso-5k-uri.uri,7,0,158446.70,33850.23
virtuoso,10k,uri,virtuoso-10k-uri.uri,8,0,17.40,5.99
virtuoso,1k,uri,virtuoso-1k-uri.uri,8,0,14.40,2.33
virtuoso,2k,uri,virtuoso-2k-uri.uri,8,0,14.70,2.97
virtuoso,30k,uri,virtuoso-30k-uri.uri,8,0,16.20,2.40
virtuoso,3k,uri,virtuoso-3k-uri.uri,8,0,14.70,1.68
virtuoso,500,uri,virtuoso-500k-uri.uri,8,0,14.70,2.41
virtuoso,5k,uri,virtuoso-5k-uri.uri,8,0,19.20,5.65
virtuoso,10k,uri,virtuoso-10k-uri.uri,9,0,10146.70,84.60
virtuoso,1k,uri,virtuoso-1k-uri.uri,9,0,432.50,37.76
virtuoso,2k,uri,virtuoso-2k-uri.uri,9,0,944.90,41.82
virtuoso,30k,uri,virtuoso-30k-uri.uri,9,0,25.90,3.56
virtuoso,3k,uri,virtuoso-3k-uri.uri,9,0,663.90,12.78
virtuoso,500,uri,virtuoso-500k-uri.uri,9,0,2721.70,51.31
virtuoso,5k,uri,virtuoso-5k-uri.uri,9,0,7312.30,23.18